年,月,供應商,材料名稱,數量,單位,金額,資料來源,備註,項目,據點,用電量(kWh),T&D損失比例(%),上游燃料排放估比(gCO2e/kWh),運輸類型,運具,距離(km),重量(kg),裝載率(%),廢棄物類別,數量(kg),處理方式,交通工具,夜宿(晚),交通方式,通勤人數,每人每日單趟距離(km),每月上班天數
2024,1,華亞材料股份有限公司01,材料-1,603.0,kg,1929.0,採購/驗收單,模擬資料（依供應商數量估算）,,,,,,,,,,,,,,,,,,,
2024,2,華亞材料股份有限公司01,材料-1,477.0,kg,1527.0,採購/驗收單,模擬資料（依供應商數量估算）,,,,,,,,,,,,,,,,,,,
2024,3,華亞材料股份有限公司01,材料-1,346.9,kg,1110.0,採購/驗收單,模擬資料（依供應商數量估算）,,,,,,,,,,,,,,,,,,,
2024,4,華亞材料股份有限公司01,材料-1,364.0,kg,1165.0,採購/驗收單,模擬資料（依供應商數量估算）,,,,,,,,,,,,,,,,,,,
2024,5,華亞材料股份有限公司01,材料-1,389.7,kg,1247.0,採購/驗收單,模擬資料（依供應商數量估算）,,,,,,,,,,,,,,,,,,,
2024,6,華亞材料股份有限公司01,材料-1,559.7,kg,1791.0,採購/驗收單,模擬資料（依供應商數量估算）,,,,,,,,,,,,,,,,,,,
2024,7,華亞材料股份有限公司01,材料-1,517.1,kg,1655.0,採購/驗收單,模擬資料（依供應商數量估算）,,,,,,,,,,,,,,,,,,,
2024,8,華亞材料股份有限公司01,材料-1,582.9,kg,1865.0,採購/驗收單,模擬資料（依供應商數量估算）,,,,,,,,,,,,,,,,,,,
2024,9,華亞材料股份有限公司01,材料-1,448.7,kg,1436.0,採購/驗收單,模擬資料（依供應商數量估算）,,,,,,,,,,,,,,,,,,,
2024,10,華亞材料股份有限公司01,材料-1,519.0,kg,1661.0,採購/驗收單,模擬資料（依供應商數量估算）,,,,,,,,,,,,,,,,,,,
2024,11,華亞材料股份有限公司01,材料-1,575.1,kg,1840.0,採購/驗收單,模擬資料（依供應商數量估算）,,,,,,,,,,,,,,,,,,,
2024,12,華亞材料股份有限公司01,材料-1,462.9,kg,1481.0,採購/驗收單,模擬資料（依供應商數量估算）,,,,,,,,,,,,,,,,,,,
2024,1,華亞材料股份有限公司02,材料-2,554.8,kg,1775.0,採購/驗收單,模擬資料（依供應商數量估算）,,,,,,,,,,,,,,,,,,,
2024,2,華亞材料股份有限公司02,材料-2,420.6,kg,1346.0,採購/驗收單,模擬資料（依供應商數量估算）,,,,,,,,,,,,,,,,,,,
2024,3,華亞材料股份有限公司02,材料-2,456.4,kg,1461.0,採購/驗收單,模擬資料（依供應商數量估算）,,,,,,,,,,,,,,,,,,,
2024,4,華亞材料股份有限公司02,材料-2,454.2,kg,1453.0,採購/驗收單,模擬資料（依供應商數量估算）,,,,,,,,,,,,,,,,,,,
2024,5,華亞材料股份有限公司02,材料-2,356.5,kg,1141.0,採購/驗收單,模擬資料（依供應商數量估算）,,,,,,,,,,,,,,,,,,,
2024,6,華亞材料股份有限公司02,材料-2,558.4,kg,1787.0,採購/驗收單,模擬資料（依供應商數量估算）,,,,,,,,,,,,,,,,,,,
2024,7,華亞材料股份有限公司02,材料-2,443.7,kg,1420.0,採購/驗收單,模擬資料（依供應商數量估算）,,,,,,,,,,,,,,,,,,,
2024,8,華亞材料股份有限公司02,材料-2,501.5,kg,1605.0,採購/驗收單,模擬資料（依供應商數量估算）,,,,,,,,,,,,,,,,,,,
2024,9,華亞材料股份有限公司02,材料-2,557.7,kg,1785.0,採購/驗收單,模擬資料（依供應商數量估算）,,,,,,,,,,,,,,,,,,,
2024,10,華亞材料股份有限公司02,材料-2,553.6,kg,1771.0,採購/驗收單,模擬資料（依供應商數量估算）,,,,,,,,,,,,,,,,,,,
2024,11,華亞材料股份有限公司02,材料-2,579.8,kg,1856.0,採購/驗收單,模擬資料（依供應商數量估算）,,,,,,,,,,,,,,,,,,,
2024,12,華亞材料股份有限公司02,材料-2,488.2,kg,1562.0,採購/驗收單,模擬資料（依供應商數量估算）,,,,,,,,,,,,,,,,,,,
2024,1,華亞材料股份有限公司03,材料-3,449.2,kg,1437.0,採購/驗收單,模擬資料（依供應商數量估算）,,,,,,,,,,,,,,,,,,,
2024,2,華亞材料股份有限公司03,材料-3,490.4,kg,1569.0,採購/驗收單,模擬資料（依供應商數量估算）,,,,,,,,,,,,,,,,,,,
2024,3,華亞材料股份有限公司03,材料-3,297.5,kg,952.0,採購/驗收單,模擬資料（依供應商數量估算）,,,,,,,,,,,,,,,,,,,
2024,4,華亞材料股份有限公司03,材料-3,326.3,kg,1044.0,採購/驗收單,模擬資料（依供應商數量估算）,,,,,,,,,,,,,,,,,,,
2024,5,華亞材料股份有限公司03,材料-3,341.3,kg,1092.0,採購/驗收單,模擬資料（依供應商數量估算）,,,,,,,,,,,,,,,,,,,
2024,6,華亞材料股份有限公司03,材料-3,380.3,kg,1217.0,採購/驗收單,模擬資料（依供應商數量估算）,,,,,,,,,,,,,,,,,,,
2024,7,華亞材料股份有限公司03,材料-3,548.0,kg,1754.0,採購/驗收單,模擬資料（依供應商數量估算）,,,,,,,,,,,,,,,,,,,
2024,8,華亞材料股份有限公司03,材料-3,391.3,kg,1252.0,採購/驗收單,模擬資料（依供應商數量估算）,,,,,,,,,,,,,,,,,,,
2024,9,華亞材料股份有限公司03,材料-3,454.6,kg,1455.0,採購/驗收單,模擬資料（依供應商數量估算）,,,,,,,,,,,,,,,,,,,
2024,10,華亞材料股份有限公司03,材料-3,655.9,kg,2099.0,採購/驗收單,模擬資料（依供應商數量估算）,,,,,,,,,,,,,,,,,,,
2024,11,華亞材料股份有限公司03,材料-3,457.2,kg,1463.0,採購/驗收單,模擬資料（依供應商數量估算）,,,,,,,,,,,,,,,,,,,
2024,12,華亞材料股份有限公司03,材料-3,588.5,kg,1883.0,採購/驗收單,模擬資料（依供應商數量估算）,,,,,,,,,,,,,,,,,,,
2024,1,華亞材料股份有限公司04,材料-4,388.0,kg,1241.0,採購/驗收單,模擬資料（依供應商數量估算）,,,,,,,,,,,,,,,,,,,
2024,2,華亞材料股份有限公司04,材料-4,475.3,kg,1521.0,採購/驗收單,模擬資料（依供應商數量估算）,,,,,,,,,,,,,,,,,,,
2024,3,華亞材料股份有限公司04,材料-4,386.0,kg,1235.0,採購/驗收單,模擬資料（依供應商數量估算）,,,,,,,,,,,,,,,,,,,
2024,4,華亞材料股份有限公司04,材料-4,459.3,kg,1470.0,採購/驗收單,模擬資料（依供應商數量估算）,,,,,,,,,,,,,,,,,,,
2024,5,華亞材料股份有限公司04,材料-4,600.8,kg,1923.0,採購/驗收單,模擬資料（依供應商數量估算）,,,,,,,,,,,,,,,,,,,
2024,6,華亞材料股份有限公司04,材料-4,292.7,kg,937.0,採購/驗收單,模擬資料（依供應商數量估算）,,,,,,,,,,,,,,,,,,,
2024,7,華亞材料股份有限公司04,材料-4,552.1,kg,1767.0,採購/驗收單,模擬資料（依供應商數量估算）,,,,,,,,,,,,,,,,,,,
2024,8,華亞材料股份有限公司04,材料-4,528.5,kg,1691.0,採購/驗收單,模擬資料（依供應商數量估算）,,,,,,,,,,,,,,,,,,,
2024,9,華亞材料股份有限公司04,材料-4,428.7,kg,1372.0,採購/驗收單,模擬資料（依供應商數量估算）,,,,,,,,,,,,,,,,,,,
2024,10,華亞材料股份有限公司04,材料-4,326.5,kg,1045.0,採購/驗收單,模擬資料（依供應商數量估算）,,,,,,,,,,,,,,,,,,,
2024,11,華亞材料股份有限公司04,材料-4,508.7,kg,1628.0,採購/驗收單,模擬資料（依供應商數量估算）,,,,,,,,,,,,,,,,,,,
2024,12,華亞材料股份有限公司04,材料-4,436.5,kg,1397.0,採購/驗收單,模擬資料（依供應商數量估算）,,,,,,,,,,,,,,,,,,,
2024,1,華亞材料股份有限公司05,材料-5,527.9,kg,1689.0,採購/驗收單,模擬資料（依供應商數量估算）,,,,,,,,,,,,,,,,,,,
2024,2,華亞材料股份有限公司05,材料-5,502.6,kg,1608.0,採購/驗收單,模擬資料（依供應商數量估算）,,,,,,,,,,,,,,,,,,,
2024,3,華亞材料股份有限公司05,材料-5,692.2,kg,2215.0,採購/驗收單,模擬資料（依供應商數量估算）,,,,,,,,,,,,,,,,,,,
2024,4,華亞材料股份有限公司05,材料-5,471.3,kg,1508.0,採購/驗收單,模擬資料（依供應商數量估算）,,,,,,,,,,,,,,,,,,,
2024,5,華亞材料股份有限公司05,材料-5,377.2,kg,1207.0,採購/驗收單,模擬資料（依供應商數量估算）,,,,,,,,,,,,,,,,,,,
2024,6,華亞材料股份有限公司05,材料-5,521.5,kg,1669.0,採購/驗收單,模擬資料（依供應商數量估算）,,,,,,,,,,,,,,,,,,,
2024,7,華亞材料股份有限公司05,材料-5,526.4,kg,1684.0,採購/驗收單,模擬資料（依供應商數量估算）,,,,,,,,,,,,,,,,,,,
2024,8,華亞材料股份有限公司05,材料-5,663.1,kg,2122.0,採購/驗收單,模擬資料（依供應商數量估算）,,,,,,,,,,,,,,,,,,,
2024,9,華亞材料股份有限公司05,材料-5,600.2,kg,1921.0,採購/驗收單,模擬資料（依供應商數量估算）,,,,,,,,,,,,,,,,,,,
2024,10,華亞材料股份有限公司05,材料-5,542.8,kg,1737.0,採購/驗收單,模擬資料（依供應商數量估算）,,,,,,,,,,,,,,,,,,,
2024,11,華亞材料股份有限公司05,材料-5,675.6,kg,2162.0,採購/驗收單,模擬資料（依供應商數量估算）,,,,,,,,,,,,,,,,,,,
2024,12,華亞材料股份有限公司05,材料-5,357.3,kg,1144.0,採購/驗收單,模擬資料（依供應商數量估算）,,,,,,,,,,,,,,,,,,,
2024,1,華亞材料股份有限公司06,材料-1,423.2,kg,1354.0,採購/驗收單,模擬資料（依供應商數量估算）,,,,,,,,,,,,,,,,,,,
2024,2,華亞材料股份有限公司06,材料-1,388.8,kg,1244.0,採購/驗收單,模擬資料（依供應商數量估算）,,,,,,,,,,,,,,,,,,,
2024,3,華亞材料股份有限公司06,材料-1,453.2,kg,1450.0,採購/驗收單,模擬資料（依供應商數量估算）,,,,,,,,,,,,,,,,,,,
2024,4,華亞材料股份有限公司06,材料-1,334.8,kg,1071.0,採購/驗收單,模擬資料（依供應商數量估算）,,,,,,,,,,,,,,,,,,,
2024,5,華亞材料股份有限公司06,材料-1,576.2,kg,1844.0,採購/驗收單,模擬資料（依供應商數量估算）,,,,,,,,,,,,,,,,,,,
2024,6,華亞材料股份有限公司06,材料-1,473.3,kg,1515.0,採購/驗收單,模擬資料（依供應商數量估算）,,,,,,,,,,,,,,,,,,,
2024,7,華亞材料股份有限公司06,材料-1,323.5,kg,1035.0,採購/驗收單,模擬資料（依供應商數量估算）,,,,,,,,,,,,,,,,,,,
2024,8,華亞材料股份有限公司06,材料-1,378.1,kg,1210.0,採購/驗收單,模擬資料（依供應商數量估算）,,,,,,,,,,,,,,,,,,,
2024,9,華亞材料股份有限公司06,材料-1,537.6,kg,1720.0,採購/驗收單,模擬資料（依供應商數量估算）,,,,,,,,,,,,,,,,,,,
2024,10,華亞材料股份有限公司06,材料-1,600.6,kg,1922.0,採購/驗收單,模擬資料（依供應商數量估算）,,,,,,,,,,,,,,,,,,,
2024,11,華亞材料股份有限公司06,材料-1,739.6,kg,2367.0,採購/驗收單,模擬資料（依供應商數量估算）,,,,,,,,,,,,,,,,,,,
2024,12,華亞材料股份有限公司06,材料-1,849.7,kg,2719.0,採購/驗收單,模擬資料（依供應商數量估算）,,,,,,,,,,,,,,,,,,,
2024,1,華亞材料股份有限公司07,材料-2,549.7,kg,1759.0,採購/驗收單,模擬資料（依供應商數量估算）,,,,,,,,,,,,,,,,,,,
2024,2,華亞材料股份有限公司07,材料-2,381.3,kg,1220.0,採購/驗收單,模擬資料（依供應商數量估算）,,,,,,,,,,,,,,,,,,,
2024,3,華亞材料股份有限公司07,材料-2,244.2,kg,781.0,採購/驗收單,模擬資料（依供應商數量估算）,,,,,,,,,,,,,,,,,,,
2024,4,華亞材料股份有限公司07,材料-2,532.1,kg,1703.0,採購/驗收單,模擬資料（依供應商數量估算）,,,,,,,,,,,,,,,,,,,
2024,5,華亞材料股份有限公司07,材料-2,402.4,kg,1288.0,採購/驗收單,模擬資料（依供應商數量估算）,,,,,,,,,,,,,,,,,,,
2024,6,華亞材料股份有限公司07,材料-2,450.2,kg,1441.0,採購/驗收單,模擬資料（依供應商數量估算）,,,,,,,,,,,,,,,,,,,
2024,7,華亞材料股份有限公司07,材料-2,426.5,kg,1365.0,採購/驗收單,模擬資料（依供應商數量估算）,,,,,,,,,,,,,,,,,,,
2024,8,華亞材料股份有限公司07,材料-2,483.1,kg,1546.0,採購/驗收單,模擬資料（依供應商數量估算）,,,,,,,,,,,,,,,,,,,
2024,9,華亞材料股份有限公司07,材料-2,627.9,kg,2009.0,採購/驗收單,模擬資料（依供應商數量估算）,,,,,,,,,,,,,,,,,,,
2024,10,華亞材料股份有限公司07,材料-2,518.8,kg,1660.0,採購/驗收單,模擬資料（依供應商數量估算）,,,,,,,,,,,,,,,,,,,
2024,11,華亞材料股份有限公司07,材料-2,481.0,kg,1539.0,採購/驗收單,模擬資料（依供應商數量估算）,,,,,,,,,,,,,,,,,,,
2024,12,華亞材料股份有限公司07,材料-2,375.7,kg,1202.0,採購/驗收單,模擬資料（依供應商數量估算）,,,,,,,,,,,,,,,,,,,
2024,1,華亞材料股份有限公司08,材料-3,299.0,kg,957.0,採購/驗收單,模擬資料（依供應商數量估算）,,,,,,,,,,,,,,,,,,,
2024,2,華亞材料股份有限公司08,材料-3,441.6,kg,1413.0,採購/驗收單,模擬資料（依供應商數量估算）,,,,,,,,,,,,,,,,,,,
2024,3,華亞材料股份有限公司08,材料-3,493.5,kg,1579.0,採購/驗收單,模擬資料（依供應商數量估算）,,,,,,,,,,,,,,,,,,,
2024,4,華亞材料股份有限公司08,材料-3,712.2,kg,2279.0,採購/驗收單,模擬資料（依供應商數量估算）,,,,,,,,,,,,,,,,,,,
2024,5,華亞材料股份有限公司08,材料-3,515.6,kg,1650.0,採購/驗收單,模擬資料（依供應商數量估算）,,,,,,,,,,,,,,,,,,,
2024,6,華亞材料股份有限公司08,材料-3,617.9,kg,1977.0,採購/驗收單,模擬資料（依供應商數量估算）,,,,,,,,,,,,,,,,,,,
2024,7,華亞材料股份有限公司08,材料-3,440.1,kg,1408.0,採購/驗收單,模擬資料（依供應商數量估算）,,,,,,,,,,,,,,,,,,,
2024,8,華亞材料股份有限公司08,材料-3,357.8,kg,1145.0,採購/驗收單,模擬資料（依供應商數量估算）,,,,,,,,,,,,,,,,,,,
2024,9,華亞材料股份有限公司08,材料-3,384.2,kg,1229.0,採購/驗收單,模擬資料（依供應商數量估算）,,,,,,,,,,,,,,,,,,,
2024,10,華亞材料股份有限公司08,材料-3,413.0,kg,1322.0,採購/驗收單,模擬資料（依供應商數量估算）,,,,,,,,,,,,,,,,,,,
2024,11,華亞材料股份有限公司08,材料-3,755.4,kg,2417.0,採購/驗收單,模擬資料（依供應商數量估算）,,,,,,,,,,,,,,,,,,,
2024,12,華亞材料股份有限公司08,材料-3,401.4,kg,1285.0,採購/驗收單,模擬資料（依供應商數量估算）,,,,,,,,,,,,,,,,,,,
2024,1,華亞材料股份有限公司09,材料-4,600.6,kg,1922.0,採購/驗收單,模擬資料（依供應商數量估算）,,,,,,,,,,,,,,,,,,,
2024,2,華亞材料股份有限公司09,材料-4,391.6,kg,1253.0,採購/驗收單,模擬資料（依供應商數量估算）,,,,,,,,,,,,,,,,,,,
2024,3,華亞材料股份有限公司09,材料-4,611.8,kg,1958.0,採購/驗收單,模擬資料（依供應商數量估算）,,,,,,,,,,,,,,,,,,,
2024,4,華亞材料股份有限公司09,材料-4,546.2,kg,1748.0,採購/驗收單,模擬資料（依供應商數量估算）,,,,,,,,,,,,,,,,,,,
2024,5,華亞材料股份有限公司09,材料-4,481.2,kg,1540.0,採購/驗收單,模擬資料（依供應商數量估算）,,,,,,,,,,,,,,,,,,,
2024,6,華亞材料股份有限公司09,材料-4,495.1,kg,1584.0,採購/驗收單,模擬資料（依供應商數量估算）,,,,,,,,,,,,,,,,,,,
2024,7,華亞材料股份有限公司09,材料-4,421.4,kg,1349.0,採購/驗收單,模擬資料（依供應商數量估算）,,,,,,,,,,,,,,,,,,,
2024,8,華亞材料股份有限公司09,材料-4,553.5,kg,1771.0,採購/驗收單,模擬資料（依供應商數量估算）,,,,,,,,,,,,,,,,,,,
2024,9,華亞材料股份有限公司09,材料-4,445.4,kg,1425.0,採購/驗收單,模擬資料（依供應商數量估算）,,,,,,,,,,,,,,,,,,,
2024,10,華亞材料股份有限公司09,材料-4,352.9,kg,1129.0,採購/驗收單,模擬資料（依供應商數量估算）,,,,,,,,,,,,,,,,,,,
2024,11,華亞材料股份有限公司09,材料-4,346.6,kg,1109.0,採購/驗收單,模擬資料（依供應商數量估算）,,,,,,,,,,,,,,,,,,,
2024,12,華亞材料股份有限公司09,材料-4,520.7,kg,1666.0,採購/驗收單,模擬資料（依供應商數量估算）,,,,,,,,,,,,,,,,,,,
2024,1,華亞材料股份有限公司10,材料-5,689.5,kg,2206.0,採購/驗收單,模擬資料（依供應商數量估算）,,,,,,,,,,,,,,,,,,,
2024,2,華亞材料股份有限公司10,材料-5,519.2,kg,1661.0,採購/驗收單,模擬資料（依供應商數量估算）,,,,,,,,,,,,,,,,,,,
2024,3,華亞材料股份有限公司10,材料-5,485.8,kg,1554.0,採購/驗收單,模擬資料（依供應商數量估算）,,,,,,,,,,,,,,,,,,,
2024,4,華亞材料股份有限公司10,材料-5,534.3,kg,1710.0,採購/驗收單,模擬資料（依供應商數量估算）,,,,,,,,,,,,,,,,,,,
2024,5,華亞材料股份有限公司10,材料-5,656.7,kg,2102.0,採購/驗收單,模擬資料（依供應商數量估算）,,,,,,,,,,,,,,,,,,,
2024,6,華亞材料股份有限公司10,材料-5,526.3,kg,1684.0,採購/驗收單,模擬資料（依供應商數量估算）,,,,,,,,,,,,,,,,,,,
2024,7,華亞材料股份有限公司10,材料-5,450.7,kg,1442.0,採購/驗收單,模擬資料（依供應商數量估算）,,,,,,,,,,,,,,,,,,,
2024,8,華亞材料股份有限公司10,材料-5,632.8,kg,2025.0,採購/驗收單,模擬資料（依供應商數量估算）,,,,,,,,,,,,,,,,,,,
2024,9,華亞材料股份有限公司10,材料-5,551.5,kg,1765.0,採購/驗收單,模擬資料（依供應商數量估算）,,,,,,,,,,,,,,,,,,,
2024,10,華亞材料股份有限公司10,材料-5,684.3,kg,2190.0,採購/驗收單,模擬資料（依供應商數量估算）,,,,,,,,,,,,,,,,,,,
2024,11,華亞材料股份有限公司10,材料-5,522.0,kg,1670.0,採購/驗收單,模擬資料（依供應商數量估算）,,,,,,,,,,,,,,,,,,,
2024,12,華亞材料股份有限公司10,材料-5,353.1,kg,1130.0,採購/驗收單,模擬資料（依供應商數量估算）,,,,,,,,,,,,,,,,,,,
2024,1,華亞材料股份有限公司11,材料-1,335.8,kg,1075.0,採購/驗收單,模擬資料（依供應商數量估算）,,,,,,,,,,,,,,,,,,,
2024,2,華亞材料股份有限公司11,材料-1,698.1,kg,2234.0,採購/驗收單,模擬資料（依供應商數量估算）,,,,,,,,,,,,,,,,,,,
2024,3,華亞材料股份有限公司11,材料-1,706.8,kg,2262.0,採購/驗收單,模擬資料（依供應商數量估算）,,,,,,,,,,,,,,,,,,,
2024,4,華亞材料股份有限公司11,材料-1,478.5,kg,1531.0,採購/驗收單,模擬資料（依供應商數量估算）,,,,,,,,,,,,,,,,,,,
2024,5,華亞材料股份有限公司11,材料-1,454.0,kg,1453.0,採購/驗收單,模擬資料（依供應商數量估算）,,,,,,,,,,,,,,,,,,,
2024,6,華亞材料股份有限公司11,材料-1,675.4,kg,2161.0,採購/驗收單,模擬資料（依供應商數量估算）,,,,,,,,,,,,,,,,,,,
2024,7,華亞材料股份有限公司11,材料-1,367.2,kg,1175.0,採購/驗收單,模擬資料（依供應商數量估算）,,,,,,,,,,,,,,,,,,,
2024,8,華亞材料股份有限公司11,材料-1,392.6,kg,1256.0,採購/驗收單,模擬資料（依供應商數量估算）,,,,,,,,,,,,,,,,,,,
2024,9,華亞材料股份有限公司11,材料-1,577.2,kg,1847.0,採購/驗收單,模擬資料（依供應商數量估算）,,,,,,,,,,,,,,,,,,,
2024,10,華亞材料股份有限公司11,材料-1,452.6,kg,1448.0,採購/驗收單,模擬資料（依供應商數量估算）,,,,,,,,,,,,,,,,,,,
2024,11,華亞材料股份有限公司11,材料-1,499.4,kg,1598.0,採購/驗收單,模擬資料（依供應商數量估算）,,,,,,,,,,,,,,,,,,,
2024,12,華亞材料股份有限公司11,材料-1,480.4,kg,1537.0,採購/驗收單,模擬資料（依供應商數量估算）,,,,,,,,,,,,,,,,,,,
2024,1,華亞材料股份有限公司12,材料-2,540.5,kg,1730.0,採購/驗收單,模擬資料（依供應商數量估算）,,,,,,,,,,,,,,,,,,,
2024,2,華亞材料股份有限公司12,材料-2,668.9,kg,2140.0,採購/驗收單,模擬資料（依供應商數量估算）,,,,,,,,,,,,,,,,,,,
2024,3,華亞材料股份有限公司12,材料-2,510.9,kg,1635.0,採購/驗收單,模擬資料（依供應商數量估算）,,,,,,,,,,,,,,,,,,,
2024,4,華亞材料股份有限公司12,材料-2,577.3,kg,1847.0,採購/驗收單,模擬資料（依供應商數量估算）,,,,,,,,,,,,,,,,,,,
2024,5,華亞材料股份有限公司12,材料-2,254.0,kg,813.0,採購/驗收單,模擬資料（依供應商數量估算）,,,,,,,,,,,,,,,,,,,
2024,6,華亞材料股份有限公司12,材料-2,494.2,kg,1581.0,採購/驗收單,模擬資料（依供應商數量估算）,,,,,,,,,,,,,,,,,,,
2024,7,華亞材料股份有限公司12,材料-2,398.8,kg,1276.0,採購/驗收單,模擬資料（依供應商數量估算）,,,,,,,,,,,,,,,,,,,
2024,8,華亞材料股份有限公司12,材料-2,353.7,kg,1132.0,採購/驗收單,模擬資料（依供應商數量估算）,,,,,,,,,,,,,,,,,,,
2024,9,華亞材料股份有限公司12,材料-2,394.6,kg,1263.0,採購/驗收單,模擬資料（依供應商數量估算）,,,,,,,,,,,,,,,,,,,
2024,10,華亞材料股份有限公司12,材料-2,459.9,kg,1472.0,採購/驗收單,模擬資料（依供應商數量估算）,,,,,,,,,,,,,,,,,,,
2024,11,華亞材料股份有限公司12,材料-2,609.9,kg,1952.0,採購/驗收單,模擬資料（依供應商數量估算）,,,,,,,,,,,,,,,,,,,
2024,12,華亞材料股份有限公司12,材料-2,340.8,kg,1091.0,採購/驗收單,模擬資料（依供應商數量估算）,,,,,,,,,,,,,,,,,,,
2024,1,華亞材料股份有限公司13,材料-3,503.7,kg,1612.0,採購/驗收單,模擬資料（依供應商數量估算）,,,,,,,,,,,,,,,,,,,
2024,2,華亞材料股份有限公司13,材料-3,441.9,kg,1414.0,採購/驗收單,模擬資料（依供應商數量估算）,,,,,,,,,,,,,,,,,,,
2024,3,華亞材料股份有限公司13,材料-3,460.7,kg,1474.0,採購/驗收單,模擬資料（依供應商數量估算）,,,,,,,,,,,,,,,,,,,
2024,4,華亞材料股份有限公司13,材料-3,620.3,kg,1985.0,採購/驗收單,模擬資料（依供應商數量估算）,,,,,,,,,,,,,,,,,,,
2024,5,華亞材料股份有限公司13,材料-3,564.6,kg,1807.0,採購/驗收單,模擬資料（依供應商數量估算）,,,,,,,,,,,,,,,,,,,
2024,6,華亞材料股份有限公司13,材料-3,660.5,kg,2114.0,採購/驗收單,模擬資料（依供應商數量估算）,,,,,,,,,,,,,,,,,,,
2024,7,華亞材料股份有限公司13,材料-3,481.5,kg,1541.0,採購/驗收單,模擬資料（依供應商數量估算）,,,,,,,,,,,,,,,,,,,
2024,8,華亞材料股份有限公司13,材料-3,416.5,kg,1333.0,採購/驗收單,模擬資料（依供應商數量估算）,,,,,,,,,,,,,,,,,,,
2024,9,華亞材料股份有限公司13,材料-3,473.1,kg,1514.0,採購/驗收單,模擬資料（依供應商數量估算）,,,,,,,,,,,,,,,,,,,
2024,10,華亞材料股份有限公司13,材料-3,529.1,kg,1693.0,採購/驗收單,模擬資料（依供應商數量估算）,,,,,,,,,,,,,,,,,,,
2024,11,華亞材料股份有限公司13,材料-3,521.2,kg,1668.0,採購/驗收單,模擬資料（依供應商數量估算）,,,,,,,,,,,,,,,,,,,
2024,12,華亞材料股份有限公司13,材料-3,369.9,kg,1184.0,採購/驗收單,模擬資料（依供應商數量估算）,,,,,,,,,,,,,,,,,,,
2024,1,華亞材料股份有限公司14,材料-4,510.9,kg,1635.0,採購/驗收單,模擬資料（依供應商數量估算）,,,,,,,,,,,,,,,,,,,
2024,2,華亞材料股份有限公司14,材料-4,527.4,kg,1688.0,採購/驗收單,模擬資料（依供應商數量估算）,,,,,,,,,,,,,,,,,,,
2024,3,華亞材料股份有限公司14,材料-4,802.1,kg,2567.0,採購/驗收單,模擬資料（依供應商數量估算）,,,,,,,,,,,,,,,,,,,
2024,4,華亞材料股份有限公司14,材料-4,725.2,kg,2321.0,採購/驗收單,模擬資料（依供應商數量估算）,,,,,,,,,,,,,,,,,,,
2024,5,華亞材料股份有限公司14,材料-4,397.6,kg,1272.0,採購/驗收單,模擬資料（依供應商數量估算）,,,,,,,,,,,,,,,,,,,
2024,6,華亞材料股份有限公司14,材料-4,465.5,kg,1490.0,採購/驗收單,模擬資料（依供應商數量估算）,,,,,,,,,,,,,,,,,,,
2024,7,華亞材料股份有限公司14,材料-4,324.4,kg,1038.0,採購/驗收單,模擬資料（依供應商數量估算）,,,,,,,,,,,,,,,,,,,
2024,8,華亞材料股份有限公司14,材料-4,429.1,kg,1373.0,採購/驗收單,模擬資料（依供應商數量估算）,,,,,,,,,,,,,,,,,,,
2024,9,華亞材料股份有限公司14,材料-4,537.9,kg,1721.0,採購/驗收單,模擬資料（依供應商數量估算）,,,,,,,,,,,,,,,,,,,
2024,10,華亞材料股份有限公司14,材料-4,644.7,kg,2063.0,採購/驗收單,模擬資料（依供應商數量估算）,,,,,,,,,,,,,,,,,,,
2024,11,華亞材料股份有限公司14,材料-4,412.5,kg,1320.0,採購/驗收單,模擬資料（依供應商數量估算）,,,,,,,,,,,,,,,,,,,
2024,12,華亞材料股份有限公司14,材料-4,421.5,kg,1349.0,採購/驗收單,模擬資料（依供應商數量估算）,,,,,,,,,,,,,,,,,,,
2024,1,華亞材料股份有限公司15,材料-5,242.3,kg,775.0,採購/驗收單,模擬資料（依供應商數量估算）,,,,,,,,,,,,,,,,,,,
2024,2,華亞材料股份有限公司15,材料-5,480.5,kg,1538.0,採購/驗收單,模擬資料（依供應商數量估算）,,,,,,,,,,,,,,,,,,,
2024,3,華亞材料股份有限公司15,材料-5,372.5,kg,1192.0,採購/驗收單,模擬資料（依供應商數量估算）,,,,,,,,,,,,,,,,,,,
2024,4,華亞材料股份有限公司15,材料-5,436.5,kg,1397.0,採購/驗收單,模擬資料（依供應商數量估算）,,,,,,,,,,,,,,,,,,,
2024,5,華亞材料股份有限公司15,材料-5,394.8,kg,1263.0,採購/驗收單,模擬資料（依供應商數量估算）,,,,,,,,,,,,,,,,,,,
2024,6,華亞材料股份有限公司15,材料-5,488.7,kg,1564.0,採購/驗收單,模擬資料（依供應商數量估算）,,,,,,,,,,,,,,,,,,,
2024,7,華亞材料股份有限公司15,材料-5,289.1,kg,925.0,採購/驗收單,模擬資料（依供應商數量估算）,,,,,,,,,,,,,,,,,,,
2024,8,華亞材料股份有限公司15,材料-5,324.0,kg,1037.0,採購/驗收單,模擬資料（依供應商數量估算）,,,,,,,,,,,,,,,,,,,
2024,9,華亞材料股份有限公司15,材料-5,755.5,kg,2418.0,採購/驗收單,模擬資料（依供應商數量估算）,,,,,,,,,,,,,,,,,,,
2024,10,華亞材料股份有限公司15,材料-5,345.5,kg,1106.0,採購/驗收單,模擬資料（依供應商數量估算）,,,,,,,,,,,,,,,,,,,
2024,11,華亞材料股份有限公司15,材料-5,368.4,kg,1179.0,採購/驗收單,模擬資料（依供應商數量估算）,,,,,,,,,,,,,,,,,,,
2024,12,華亞材料股份有限公司15,材料-5,720.4,kg,2305.0,採購/驗收單,模擬資料（依供應商數量估算）,,,,,,,,,,,,,,,,,,,
2024,1,華亞材料股份有限公司16,材料-1,848.6,kg,2716.0,採購/驗收單,模擬資料（依供應商數量估算）,,,,,,,,,,,,,,,,,,,
2024,2,華亞材料股份有限公司16,材料-1,359.4,kg,1150.0,採購/驗收單,模擬資料（依供應商數量估算）,,,,,,,,,,,,,,,,,,,
2024,3,華亞材料股份有限公司16,材料-1,455.8,kg,1459.0,採購/驗收單,模擬資料（依供應商數量估算）,,,,,,,,,,,,,,,,,,,
2024,4,華亞材料股份有限公司16,材料-1,541.0,kg,1731.0,採購/驗收單,模擬資料（依供應商數量估算）,,,,,,,,,,,,,,,,,,,
2024,5,華亞材料股份有限公司16,材料-1,707.4,kg,2264.0,採購/驗收單,模擬資料（依供應商數量估算）,,,,,,,,,,,,,,,,,,,
2024,6,華亞材料股份有限公司16,材料-1,381.6,kg,1221.0,採購/驗收單,模擬資料（依供應商數量估算）,,,,,,,,,,,,,,,,,,,
2024,7,華亞材料股份有限公司16,材料-1,470.6,kg,1506.0,採購/驗收單,模擬資料（依供應商數量估算）,,,,,,,,,,,,,,,,,,,
2024,8,華亞材料股份有限公司16,材料-1,593.3,kg,1898.0,採購/驗收單,模擬資料（依供應商數量估算）,,,,,,,,,,,,,,,,,,,
2024,9,華亞材料股份有限公司16,材料-1,552.2,kg,1767.0,採購/驗收單,模擬資料（依供應商數量估算）,,,,,,,,,,,,,,,,,,,
2024,10,華亞材料股份有限公司16,材料-1,454.9,kg,1456.0,採購/驗收單,模擬資料（依供應商數量估算）,,,,,,,,,,,,,,,,,,,
2024,11,華亞材料股份有限公司16,材料-1,483.9,kg,1549.0,採購/驗收單,模擬資料（依供應商數量估算）,,,,,,,,,,,,,,,,,,,
2024,12,華亞材料股份有限公司16,材料-1,335.0,kg,1072.0,採購/驗收單,模擬資料（依供應商數量估算）,,,,,,,,,,,,,,,,,,,
2024,1,華亞材料股份有限公司17,材料-2,471.4,kg,1509.0,採購/驗收單,模擬資料（依供應商數量估算）,,,,,,,,,,,,,,,,,,,
2024,2,華亞材料股份有限公司17,材料-2,468.0,kg,1498.0,採購/驗收單,模擬資料（依供應商數量估算）,,,,,,,,,,,,,,,,,,,
2024,3,華亞材料股份有限公司17,材料-2,527.9,kg,1689.0,採購/驗收單,模擬資料（依供應商數量估算）,,,,,,,,,,,,,,,,,,,
2024,4,華亞材料股份有限公司17,材料-2,433.4,kg,1387.0,採購/驗收單,模擬資料（依供應商數量估算）,,,,,,,,,,,,,,,,,,,
2024,5,華亞材料股份有限公司17,材料-2,556.6,kg,1781.0,採購/驗收單,模擬資料（依供應商數量估算）,,,,,,,,,,,,,,,,,,,
2024,6,華亞材料股份有限公司17,材料-2,621.5,kg,1989.0,採購/驗收單,模擬資料（依供應商數量估算）,,,,,,,,,,,,,,,,,,,
2024,7,華亞材料股份有限公司17,材料-2,518.7,kg,1660.0,採購/驗收單,模擬資料（依供應商數量估算）,,,,,,,,,,,,,,,,,,,
2024,8,華亞材料股份有限公司17,材料-2,542.2,kg,1735.0,採購/驗收單,模擬資料（依供應商數量估算）,,,,,,,,,,,,,,,,,,,
2024,9,華亞材料股份有限公司17,材料-2,506.4,kg,1620.0,採購/驗收單,模擬資料（依供應商數量估算）,,,,,,,,,,,,,,,,,,,
2024,10,華亞材料股份有限公司17,材料-2,500.0,kg,1600.0,採購/驗收單,模擬資料（依供應商數量估算）,,,,,,,,,,,,,,,,,,,
2024,11,華亞材料股份有限公司17,材料-2,413.4,kg,1323.0,採購/驗收單,模擬資料（依供應商數量估算）,,,,,,,,,,,,,,,,,,,
2024,12,華亞材料股份有限公司17,材料-2,538.0,kg,1722.0,採購/驗收單,模擬資料（依供應商數量估算）,,,,,,,,,,,,,,,,,,,
2024,1,華亞材料股份有限公司18,材料-3,488.3,kg,1563.0,採購/驗收單,模擬資料（依供應商數量估算）,,,,,,,,,,,,,,,,,,,
2024,2,華亞材料股份有限公司18,材料-3,751.2,kg,2404.0,採購/驗收單,模擬資料（依供應商數量估算）,,,,,,,,,,,,,,,,,,,
2024,3,華亞材料股份有限公司18,材料-3,688.8,kg,2204.0,採購/驗收單,模擬資料（依供應商數量估算）,,,,,,,,,,,,,,,,,,,
2024,4,華亞材料股份有限公司18,材料-3,546.3,kg,1748.0,採購/驗收單,模擬資料（依供應商數量估算）,,,,,,,,,,,,,,,,,,,
2024,5,華亞材料股份有限公司18,材料-3,408.4,kg,1307.0,採購/驗收單,模擬資料（依供應商數量估算）,,,,,,,,,,,,,,,,,,,
2024,6,華亞材料股份有限公司18,材料-3,366.5,kg,1173.0,採購/驗收單,模擬資料（依供應商數量估算）,,,,,,,,,,,,,,,,,,,
2024,7,華亞材料股份有限公司18,材料-3,642.9,kg,2057.0,採購/驗收單,模擬資料（依供應商數量估算）,,,,,,,,,,,,,,,,,,,
2024,8,華亞材料股份有限公司18,材料-3,531.5,kg,1701.0,採購/驗收單,模擬資料（依供應商數量估算）,,,,,,,,,,,,,,,,,,,
2024,9,華亞材料股份有限公司18,材料-3,557.6,kg,1784.0,採購/驗收單,模擬資料（依供應商數量估算）,,,,,,,,,,,,,,,,,,,
2024,10,華亞材料股份有限公司18,材料-3,290.6,kg,930.0,採購/驗收單,模擬資料（依供應商數量估算）,,,,,,,,,,,,,,,,,,,
2024,11,華亞材料股份有限公司18,材料-3,611.3,kg,1956.0,採購/驗收單,模擬資料（依供應商數量估算）,,,,,,,,,,,,,,,,,,,
2024,12,華亞材料股份有限公司18,材料-3,554.5,kg,1774.0,採購/驗收單,模擬資料（依供應商數量估算）,,,,,,,,,,,,,,,,,,,
2024,1,華亞材料股份有限公司19,材料-4,366.7,kg,1174.0,採購/驗收單,模擬資料（依供應商數量估算）,,,,,,,,,,,,,,,,,,,
2024,2,華亞材料股份有限公司19,材料-4,443.4,kg,1419.0,採購/驗收單,模擬資料（依供應商數量估算）,,,,,,,,,,,,,,,,,,,
2024,3,華亞材料股份有限公司19,材料-4,531.6,kg,1701.0,採購/驗收單,模擬資料（依供應商數量估算）,,,,,,,,,,,,,,,,,,,
2024,4,華亞材料股份有限公司19,材料-4,506.3,kg,1620.0,採購/驗收單,模擬資料（依供應商數量估算）,,,,,,,,,,,,,,,,,,,
2024,5,華亞材料股份有限公司19,材料-4,464.9,kg,1488.0,採購/驗收單,模擬資料（依供應商數量估算）,,,,,,,,,,,,,,,,,,,
2024,6,華亞材料股份有限公司19,材料-4,487.6,kg,1560.0,採購/驗收單,模擬資料（依供應商數量估算）,,,,,,,,,,,,,,,,,,,
2024,7,華亞材料股份有限公司19,材料-4,469.8,kg,1503.0,採購/驗收單,模擬資料（依供應商數量估算）,,,,,,,,,,,,,,,,,,,
2024,8,華亞材料股份有限公司19,材料-4,518.3,kg,1659.0,採購/驗收單,模擬資料（依供應商數量估算）,,,,,,,,,,,,,,,,,,,
2024,9,華亞材料股份有限公司19,材料-4,676.6,kg,2165.0,採購/驗收單,模擬資料（依供應商數量估算）,,,,,,,,,,,,,,,,,,,
2024,10,華亞材料股份有限公司19,材料-4,192.0,kg,614.0,採購/驗收單,模擬資料（依供應商數量估算）,,,,,,,,,,,,,,,,,,,
2024,11,華亞材料股份有限公司19,材料-4,471.6,kg,1509.0,採購/驗收單,模擬資料（依供應商數量估算）,,,,,,,,,,,,,,,,,,,
2024,12,華亞材料股份有限公司19,材料-4,521.2,kg,1668.0,採購/驗收單,模擬資料（依供應商數量估算）,,,,,,,,,,,,,,,,,,,
2024,1,華亞材料股份有限公司20,材料-5,535.5,kg,1714.0,採購/驗收單,模擬資料（依供應商數量估算）,,,,,,,,,,,,,,,,,,,
2024,2,華亞材料股份有限公司20,材料-5,455.4,kg,1457.0,採購/驗收單,模擬資料（依供應商數量估算）,,,,,,,,,,,,,,,,,,,
2024,3,華亞材料股份有限公司20,材料-5,289.2,kg,925.0,採購/驗收單,模擬資料（依供應商數量估算）,,,,,,,,,,,,,,,,,,,
2024,4,華亞材料股份有限公司20,材料-5,539.4,kg,1726.0,採購/驗收單,模擬資料（依供應商數量估算）,,,,,,,,,,,,,,,,,,,
2024,5,華亞材料股份有限公司20,材料-5,707.3,kg,2263.0,採購/驗收單,模擬資料（依供應商數量估算）,,,,,,,,,,,,,,,,,,,
2024,6,華亞材料股份有限公司20,材料-5,315.9,kg,1011.0,採購/驗收單,模擬資料（依供應商數量估算）,,,,,,,,,,,,,,,,,,,
2024,7,華亞材料股份有限公司20,材料-5,603.7,kg,1932.0,採購/驗收單,模擬資料（依供應商數量估算）,,,,,,,,,,,,,,,,,,,
2024,8,華亞材料股份有限公司20,材料-5,460.6,kg,1474.0,採購/驗收單,模擬資料（依供應商數量估算）,,,,,,,,,,,,,,,,,,,
2024,9,華亞材料股份有限公司20,材料-5,492.6,kg,1576.0,採購/驗收單,模擬資料（依供應商數量估算）,,,,,,,,,,,,,,,,,,,
2024,10,華亞材料股份有限公司20,材料-5,373.7,kg,1196.0,採購/驗收單,模擬資料（依供應商數量估算）,,,,,,,,,,,,,,,,,,,
2024,11,華亞材料股份有限公司20,材料-5,459.9,kg,1472.0,採購/驗收單,模擬資料（依供應商數量估算）,,,,,,,,,,,,,,,,,,,
2024,12,華亞材料股份有限公司20,材料-5,656.0,kg,2099.0,採購/驗收單,模擬資料（依供應商數量估算）,,,,,,,,,,,,,,,,,,,
2024,1,,,,,710498.0,財務-資本化明細(假設),模擬資料,機台/模具,,,,,,,,,,,,,,,,,,
2024,2,,,,,871845.0,財務-資本化明細(假設),模擬資料,機台/模具,,,,,,,,,,,,,,,,,,
2024,3,,,,,838698.0,財務-資本化明細(假設),模擬資料,機台/模具,,,,,,,,,,,,,,,,,,
2024,4,,,,,113597.0,財務-資本化明細(假設),模擬資料,機台/模具,,,,,,,,,,,,,,,,,,
2024,5,,,,,573382.0,財務-資本化明細(假設),模擬資料,機台/模具,,,,,,,,,,,,,,,,,,
2024,6,,,,,787288.0,財務-資本化明細(假設),模擬資料,機台/模具,,,,,,,,,,,,,,,,,,
2024,7,,,,,710847.0,財務-資本化明細(假設),模擬資料,機台/模具,,,,,,,,,,,,,,,,,,
2024,8,,,,,861776.0,財務-資本化明細(假設),模擬資料,機台/模具,,,,,,,,,,,,,,,,,,
2024,9,,,,,1082371.0,財務-資本化明細(假設),模擬資料,機台/模具,,,,,,,,,,,,,,,,,,
2024,10,,,,,719616.0,財務-資本化明細(假設),模擬資料,機台/模具,,,,,,,,,,,,,,,,,,
2024,11,,,,,535586.0,財務-資本化明細(假設),模擬資料,機台/模具,,,,,,,,,,,,,,,,,,
2024,12,,,,,881213.0,財務-資本化明細(假設),模擬資料,機台/模具,,,,,,,,,,,,,,,,,,
2024,1,,,,,,電網資料/假設,模擬資料,,本社廠,36745.35,6.0,80.0,,,,,,,,,,,,,,
2024,2,,,,,,電網資料/假設,模擬資料,,本社廠,46609.61,6.0,80.0,,,,,,,,,,,,,,
2024,3,,,,,,電網資料/假設,模擬資料,,本社廠,36410.99,6.0,80.0,,,,,,,,,,,,,,
2024,4,,,,,,電網資料/假設,模擬資料,,本社廠,45808.58,6.0,80.0,,,,,,,,,,,,,,
2024,5,,,,,,電網資料/假設,模擬資料,,本社廠,32427.17,6.0,80.0,,,,,,,,,,,,,,
2024,6,,,,,,電網資料/假設,模擬資料,,本社廠,37931.84,6.0,80.0,,,,,,,,,,,,,,
2024,7,,,,,,電網資料/假設,模擬資料,,本社廠,38742.15,6.0,80.0,,,,,,,,,,,,,,
2024,8,,,,,,電網資料/假設,模擬資料,,本社廠,39046.25,6.0,80.0,,,,,,,,,,,,,,
2024,9,,,,,,電網資料/假設,模擬資料,,本社廠,38385.78,6.0,80.0,,,,,,,,,,,,,,
2024,10,,,,,,電網資料/假設,模擬資料,,本社廠,38288.25,6.0,80.0,,,,,,,,,,,,,,
2024,11,,,,,,電網資料/假設,模擬資料,,本社廠,33887.27,6.0,80.0,,,,,,,,,,,,,,
2024,12,,,,,,電網資料/假設,模擬資料,,本社廠,34456.01,6.0,80.0,,,,,,,,,,,,,,
2024,1,,,,,,進料物流/請款單,模擬資料,,,,,,上游運輸(供應商→工廠),truck_7.5t,250.6,657.9,76.1,,,,,,,,,
2024,1,,,,,,進料物流/請款單,模擬資料,,,,,,上游運輸(供應商→工廠),truck_7.5t,229.7,502.7,76.0,,,,,,,,,
2024,1,,,,,,進料物流/請款單,模擬資料,,,,,,上游運輸(供應商→工廠),truck_7.5t,239.4,366.3,66.1,,,,,,,,,
2024,1,,,,,,進料物流/請款單,模擬資料,,,,,,上游運輸(供應商→工廠),van,250.3,427.1,62.9,,,,,,,,,
2024,1,,,,,,進料物流/請款單,模擬資料,,,,,,上游運輸(供應商→工廠),truck_20t,85.7,537.7,64.1,,,,,,,,,
2024,1,,,,,,進料物流/請款單,模擬資料,,,,,,上游運輸(供應商→工廠),van,270.7,387.8,83.5,,,,,,,,,
2024,1,,,,,,進料物流/請款單,模擬資料,,,,,,上游運輸(供應商→工廠),truck_7.5t,182.0,328.4,77.7,,,,,,,,,
2024,1,,,,,,進料物流/請款單,模擬資料,,,,,,上游運輸(供應商→工廠),truck_7.5t,249.3,487.4,77.2,,,,,,,,,
2024,1,,,,,,進料物流/請款單,模擬資料,,,,,,上游運輸(供應商→工廠),truck_20t,184.3,486.5,84.0,,,,,,,,,
2024,1,,,,,,進料物流/請款單,模擬資料,,,,,,上游運輸(供應商→工廠),truck_7.5t,144.5,202.4,63.6,,,,,,,,,
2024,1,,,,,,進料物流/請款單,模擬資料,,,,,,上游運輸(供應商→工廠),van,202.1,627.1,72.6,,,,,,,,,
2024,1,,,,,,進料物流/請款單,模擬資料,,,,,,上游運輸(供應商→工廠),truck_7.5t,244.1,547.7,87.0,,,,,,,,,
2024,1,,,,,,進料物流/請款單,模擬資料,,,,,,上游運輸(供應商→工廠),truck_20t,128.2,482.4,69.4,,,,,,,,,
2024,1,,,,,,進料物流/請款單,模擬資料,,,,,,上游運輸(供應商→工廠),truck_20t,240.0,496.0,73.1,,,,,,,,,
2024,1,,,,,,進料物流/請款單,模擬資料,,,,,,上游運輸(供應商→工廠),truck_20t,135.4,627.8,88.1,,,,,,,,,
2024,1,,,,,,進料物流/請款單,模擬資料,,,,,,上游運輸(供應商→工廠),truck_20t,180.7,551.3,89.6,,,,,,,,,
2024,1,,,,,,進料物流/請款單,模擬資料,,,,,,上游運輸(供應商→工廠),truck_20t,213.2,551.0,85.5,,,,,,,,,
2024,1,,,,,,進料物流/請款單,模擬資料,,,,,,上游運輸(供應商→工廠),truck_20t,276.3,209.6,80.6,,,,,,,,,
2024,1,,,,,,進料物流/請款單,模擬資料,,,,,,上游運輸(供應商→工廠),truck_20t,83.9,607.1,68.9,,,,,,,,,
2024,1,,,,,,進料物流/請款單,模擬資料,,,,,,上游運輸(供應商→工廠),truck_7.5t,206.4,354.7,87.6,,,,,,,,,
2024,1,,,,,,進料物流/請款單,模擬資料,,,,,,上游運輸(供應商→工廠),truck_7.5t,41.4,280.5,86.4,,,,,,,,,
2024,1,,,,,,進料物流/請款單,模擬資料,,,,,,上游運輸(供應商→工廠),truck_7.5t,222.1,505.1,90.0,,,,,,,,,
2024,1,,,,,,進料物流/請款單,模擬資料,,,,,,上游運輸(供應商→工廠),truck_20t,225.6,466.6,86.9,,,,,,,,,
2024,1,,,,,,進料物流/請款單,模擬資料,,,,,,上游運輸(供應商→工廠),van,169.2,365.4,83.3,,,,,,,,,
2024,1,,,,,,進料物流/請款單,模擬資料,,,,,,上游運輸(供應商→工廠),truck_20t,211.3,402.8,61.1,,,,,,,,,
2024,1,,,,,,進料物流/請款單,模擬資料,,,,,,上游運輸(供應商→工廠),van,60.4,549.5,84.0,,,,,,,,,
2024,1,,,,,,進料物流/請款單,模擬資料,,,,,,上游運輸(供應商→工廠),van,139.3,170.0,84.0,,,,,,,,,
2024,1,,,,,,進料物流/請款單,模擬資料,,,,,,上游運輸(供應商→工廠),truck_7.5t,245.4,473.7,85.1,,,,,,,,,
2024,1,,,,,,進料物流/請款單,模擬資料,,,,,,上游運輸(供應商→工廠),truck_7.5t,261.2,357.7,78.9,,,,,,,,,
2024,1,,,,,,進料物流/請款單,模擬資料,,,,,,上游運輸(供應商→工廠),van,91.2,378.7,65.8,,,,,,,,,
2024,1,,,,,,進料物流/請款單,模擬資料,,,,,,上游運輸(供應商→工廠),van,283.2,546.4,78.3,,,,,,,,,
2024,1,,,,,,進料物流/請款單,模擬資料,,,,,,上游運輸(供應商→工廠),truck_7.5t,208.5,325.1,86.5,,,,,,,,,
2024,1,,,,,,進料物流/請款單,模擬資料,,,,,,上游運輸(供應商→工廠),van,143.7,561.4,65.5,,,,,,,,,
2024,1,,,,,,進料物流/請款單,模擬資料,,,,,,上游運輸(供應商→工廠),van,205.7,371.5,79.1,,,,,,,,,
2024,1,,,,,,進料物流/請款單,模擬資料,,,,,,上游運輸(供應商→工廠),truck_20t,259.2,493.4,69.0,,,,,,,,,
2024,1,,,,,,進料物流/請款單,模擬資料,,,,,,上游運輸(供應商→工廠),truck_20t,160.1,578.1,88.2,,,,,,,,,
2024,1,,,,,,進料物流/請款單,模擬資料,,,,,,上游運輸(供應商→工廠),van,200.9,434.3,74.2,,,,,,,,,
2024,1,,,,,,進料物流/請款單,模擬資料,,,,,,上游運輸(供應商→工廠),truck_7.5t,189.6,458.3,69.1,,,,,,,,,
2024,1,,,,,,進料物流/請款單,模擬資料,,,,,,上游運輸(供應商→工廠),truck_7.5t,178.4,490.0,72.4,,,,,,,,,
2024,1,,,,,,進料物流/請款單,模擬資料,,,,,,上游運輸(供應商→工廠),truck_7.5t,55.6,259.3,69.5,,,,,,,,,
2024,1,,,,,,進料物流/請款單,模擬資料,,,,,,上游運輸(供應商→工廠),truck_20t,296.2,414.8,66.8,,,,,,,,,
2024,1,,,,,,進料物流/請款單,模擬資料,,,,,,上游運輸(供應商→工廠),truck_20t,155.6,491.7,79.4,,,,,,,,,
2024,1,,,,,,進料物流/請款單,模擬資料,,,,,,上游運輸(供應商→工廠),truck_7.5t,159.6,524.3,76.5,,,,,,,,,
2024,1,,,,,,進料物流/請款單,模擬資料,,,,,,上游運輸(供應商→工廠),van,335.9,450.8,75.4,,,,,,,,,
2024,1,,,,,,進料物流/請款單,模擬資料,,,,,,上游運輸(供應商→工廠),truck_7.5t,214.8,461.0,75.1,,,,,,,,,
2024,1,,,,,,進料物流/請款單,模擬資料,,,,,,上游運輸(供應商→工廠),truck_7.5t,205.8,356.5,85.1,,,,,,,,,
2024,1,,,,,,進料物流/請款單,模擬資料,,,,,,上游運輸(供應商→工廠),van,219.9,523.5,85.3,,,,,,,,,
2024,1,,,,,,進料物流/請款單,模擬資料,,,,,,上游運輸(供應商→工廠),truck_20t,207.2,415.7,65.2,,,,,,,,,
2024,1,,,,,,進料物流/請款單,模擬資料,,,,,,上游運輸(供應商→工廠),truck_7.5t,159.9,230.2,84.8,,,,,,,,,
2024,1,,,,,,進料物流/請款單,模擬資料,,,,,,上游運輸(供應商→工廠),truck_7.5t,233.7,613.7,78.0,,,,,,,,,
2024,1,,,,,,進料物流/請款單,模擬資料,,,,,,上游運輸(供應商→工廠),truck_20t,147.4,94.3,89.9,,,,,,,,,
2024,1,,,,,,進料物流/請款單,模擬資料,,,,,,上游運輸(供應商→工廠),van,207.9,382.9,81.2,,,,,,,,,
2024,1,,,,,,進料物流/請款單,模擬資料,,,,,,上游運輸(供應商→工廠),truck_20t,174.8,461.9,66.3,,,,,,,,,
2024,1,,,,,,進料物流/請款單,模擬資料,,,,,,上游運輸(供應商→工廠),truck_20t,138.7,530.2,85.1,,,,,,,,,
2024,1,,,,,,進料物流/請款單,模擬資料,,,,,,上游運輸(供應商→工廠),truck_20t,126.7,333.6,89.7,,,,,,,,,
2024,1,,,,,,進料物流/請款單,模擬資料,,,,,,上游運輸(供應商→工廠),truck_7.5t,153.4,618.5,62.4,,,,,,,,,
2024,1,,,,,,進料物流/請款單,模擬資料,,,,,,上游運輸(供應商→工廠),truck_7.5t,273.9,481.0,64.5,,,,,,,,,
2024,1,,,,,,進料物流/請款單,模擬資料,,,,,,上游運輸(供應商→工廠),truck_7.5t,207.1,396.2,67.0,,,,,,,,,
2024,1,,,,,,進料物流/請款單,模擬資料,,,,,,上游運輸(供應商→工廠),truck_7.5t,248.9,385.3,74.8,,,,,,,,,
2024,1,,,,,,進料物流/請款單,模擬資料,,,,,,上游運輸(供應商→工廠),truck_7.5t,130.4,247.6,79.1,,,,,,,,,
2024,1,,,,,,進料物流/請款單,模擬資料,,,,,,上游運輸(供應商→工廠),truck_20t,170.4,419.6,61.7,,,,,,,,,
2024,1,,,,,,進料物流/請款單,模擬資料,,,,,,上游運輸(供應商→工廠),truck_7.5t,219.8,534.8,85.3,,,,,,,,,
2024,1,,,,,,進料物流/請款單,模擬資料,,,,,,上游運輸(供應商→工廠),truck_7.5t,302.1,485.6,75.1,,,,,,,,,
2024,1,,,,,,進料物流/請款單,模擬資料,,,,,,上游運輸(供應商→工廠),truck_20t,118.1,359.6,70.2,,,,,,,,,
2024,1,,,,,,進料物流/請款單,模擬資料,,,,,,上游運輸(供應商→工廠),truck_7.5t,126.7,388.3,72.0,,,,,,,,,
2024,1,,,,,,進料物流/請款單,模擬資料,,,,,,上游運輸(供應商→工廠),truck_7.5t,134.1,456.1,70.2,,,,,,,,,
2024,1,,,,,,進料物流/請款單,模擬資料,,,,,,上游運輸(供應商→工廠),truck_7.5t,140.8,430.8,73.4,,,,,,,,,
2024,1,,,,,,進料物流/請款單,模擬資料,,,,,,上游運輸(供應商→工廠),truck_20t,175.9,276.2,68.3,,,,,,,,,
2024,1,,,,,,進料物流/請款單,模擬資料,,,,,,上游運輸(供應商→工廠),truck_7.5t,92.7,472.8,78.6,,,,,,,,,
2024,1,,,,,,進料物流/請款單,模擬資料,,,,,,上游運輸(供應商→工廠),van,201.8,419.7,81.6,,,,,,,,,
2024,1,,,,,,進料物流/請款單,模擬資料,,,,,,上游運輸(供應商→工廠),truck_7.5t,115.7,414.7,63.4,,,,,,,,,
2024,1,,,,,,進料物流/請款單,模擬資料,,,,,,上游運輸(供應商→工廠),truck_20t,129.8,308.8,79.6,,,,,,,,,
2024,1,,,,,,進料物流/請款單,模擬資料,,,,,,上游運輸(供應商→工廠),truck_7.5t,194.9,303.3,82.0,,,,,,,,,
2024,1,,,,,,進料物流/請款單,模擬資料,,,,,,上游運輸(供應商→工廠),truck_7.5t,80.9,399.1,61.2,,,,,,,,,
2024,1,,,,,,進料物流/請款單,模擬資料,,,,,,上游運輸(供應商→工廠),van,228.8,387.5,73.9,,,,,,,,,
2024,1,,,,,,進料物流/請款單,模擬資料,,,,,,上游運輸(供應商→工廠),van,145.3,511.8,62.5,,,,,,,,,
2024,1,,,,,,進料物流/請款單,模擬資料,,,,,,上游運輸(供應商→工廠),truck_20t,212.5,373.6,84.7,,,,,,,,,
2024,1,,,,,,進料物流/請款單,模擬資料,,,,,,上游運輸(供應商→工廠),van,212.3,247.7,63.3,,,,,,,,,
2024,1,,,,,,進料物流/請款單,模擬資料,,,,,,上游運輸(供應商→工廠),truck_7.5t,206.8,279.2,86.0,,,,,,,,,
2024,1,,,,,,進料物流/請款單,模擬資料,,,,,,上游運輸(供應商→工廠),truck_7.5t,194.5,535.7,67.0,,,,,,,,,
2024,1,,,,,,進料物流/請款單,模擬資料,,,,,,上游運輸(供應商→工廠),truck_7.5t,181.9,397.1,75.4,,,,,,,,,
2024,1,,,,,,進料物流/請款單,模擬資料,,,,,,上游運輸(供應商→工廠),truck_7.5t,148.0,506.5,86.9,,,,,,,,,
2024,1,,,,,,進料物流/請款單,模擬資料,,,,,,上游運輸(供應商→工廠),truck_20t,35.2,325.1,70.4,,,,,,,,,
2024,1,,,,,,進料物流/請款單,模擬資料,,,,,,上游運輸(供應商→工廠),truck_7.5t,63.8,401.4,71.9,,,,,,,,,
2024,1,,,,,,進料物流/請款單,模擬資料,,,,,,上游運輸(供應商→工廠),truck_7.5t,113.2,427.2,62.5,,,,,,,,,
2024,1,,,,,,進料物流/請款單,模擬資料,,,,,,上游運輸(供應商→工廠),van,222.0,270.7,90.0,,,,,,,,,
2024,1,,,,,,進料物流/請款單,模擬資料,,,,,,上游運輸(供應商→工廠),truck_20t,171.5,409.5,77.2,,,,,,,,,
2024,1,,,,,,進料物流/請款單,模擬資料,,,,,,上游運輸(供應商→工廠),truck_20t,76.2,297.5,71.8,,,,,,,,,
2024,1,,,,,,進料物流/請款單,模擬資料,,,,,,上游運輸(供應商→工廠),truck_20t,169.5,671.7,71.0,,,,,,,,,
2024,1,,,,,,進料物流/請款單,模擬資料,,,,,,上游運輸(供應商→工廠),truck_20t,199.2,520.5,73.6,,,,,,,,,
2024,1,,,,,,進料物流/請款單,模擬資料,,,,,,上游運輸(供應商→工廠),truck_7.5t,160.6,595.5,88.8,,,,,,,,,
2024,1,,,,,,進料物流/請款單,模擬資料,,,,,,上游運輸(供應商→工廠),truck_7.5t,159.5,341.7,86.9,,,,,,,,,
2024,1,,,,,,進料物流/請款單,模擬資料,,,,,,上游運輸(供應商→工廠),truck_20t,208.9,256.1,75.9,,,,,,,,,
2024,1,,,,,,進料物流/請款單,模擬資料,,,,,,上游運輸(供應商→工廠),truck_7.5t,196.3,544.2,69.0,,,,,,,,,
2024,1,,,,,,進料物流/請款單,模擬資料,,,,,,上游運輸(供應商→工廠),truck_7.5t,201.0,550.3,86.2,,,,,,,,,
2024,1,,,,,,進料物流/請款單,模擬資料,,,,,,上游運輸(供應商→工廠),truck_7.5t,203.3,500.4,83.5,,,,,,,,,
2024,1,,,,,,進料物流/請款單,模擬資料,,,,,,上游運輸(供應商→工廠),truck_20t,255.1,525.0,80.2,,,,,,,,,
2024,2,,,,,,進料物流/請款單,模擬資料,,,,,,上游運輸(供應商→工廠),truck_7.5t,151.3,397.8,76.9,,,,,,,,,
2024,2,,,,,,進料物流/請款單,模擬資料,,,,,,上游運輸(供應商→工廠),truck_7.5t,154.5,394.9,75.4,,,,,,,,,
2024,2,,,,,,進料物流/請款單,模擬資料,,,,,,上游運輸(供應商→工廠),truck_7.5t,44.9,564.2,63.1,,,,,,,,,
2024,2,,,,,,進料物流/請款單,模擬資料,,,,,,上游運輸(供應商→工廠),truck_7.5t,122.2,171.6,73.7,,,,,,,,,
2024,2,,,,,,進料物流/請款單,模擬資料,,,,,,上游運輸(供應商→工廠),van,165.3,583.6,63.3,,,,,,,,,
2024,2,,,,,,進料物流/請款單,模擬資料,,,,,,上游運輸(供應商→工廠),van,121.4,575.9,66.2,,,,,,,,,
2024,2,,,,,,進料物流/請款單,模擬資料,,,,,,上游運輸(供應商→工廠),truck_7.5t,218.8,423.4,60.0,,,,,,,,,
2024,2,,,,,,進料物流/請款單,模擬資料,,,,,,上游運輸(供應商→工廠),van,179.3,325.8,75.2,,,,,,,,,
2024,2,,,,,,進料物流/請款單,模擬資料,,,,,,上游運輸(供應商→工廠),van,221.1,262.4,83.4,,,,,,,,,
2024,2,,,,,,進料物流/請款單,模擬資料,,,,,,上游運輸(供應商→工廠),truck_20t,247.7,438.5,67.3,,,,,,,,,
2024,2,,,,,,進料物流/請款單,模擬資料,,,,,,上游運輸(供應商→工廠),truck_7.5t,267.7,339.3,69.9,,,,,,,,,
2024,2,,,,,,進料物流/請款單,模擬資料,,,,,,上游運輸(供應商→工廠),truck_20t,112.8,313.2,81.3,,,,,,,,,
2024,2,,,,,,進料物流/請款單,模擬資料,,,,,,上游運輸(供應商→工廠),truck_7.5t,168.7,515.8,87.6,,,,,,,,,
2024,2,,,,,,進料物流/請款單,模擬資料,,,,,,上游運輸(供應商→工廠),truck_7.5t,228.4,543.3,63.3,,,,,,,,,
2024,2,,,,,,進料物流/請款單,模擬資料,,,,,,上游運輸(供應商→工廠),truck_7.5t,251.3,570.2,77.7,,,,,,,,,
2024,2,,,,,,進料物流/請款單,模擬資料,,,,,,上游運輸(供應商→工廠),truck_20t,235.9,461.9,78.6,,,,,,,,,
2024,2,,,,,,進料物流/請款單,模擬資料,,,,,,上游運輸(供應商→工廠),truck_20t,126.4,405.4,67.6,,,,,,,,,
2024,2,,,,,,進料物流/請款單,模擬資料,,,,,,上游運輸(供應商→工廠),truck_20t,302.9,328.2,89.5,,,,,,,,,
2024,2,,,,,,進料物流/請款單,模擬資料,,,,,,上游運輸(供應商→工廠),truck_20t,231.3,339.5,84.0,,,,,,,,,
2024,2,,,,,,進料物流/請款單,模擬資料,,,,,,上游運輸(供應商→工廠),truck_20t,218.1,600.0,69.5,,,,,,,,,
2024,2,,,,,,進料物流/請款單,模擬資料,,,,,,上游運輸(供應商→工廠),truck_7.5t,73.0,490.9,60.6,,,,,,,,,
2024,2,,,,,,進料物流/請款單,模擬資料,,,,,,上游運輸(供應商→工廠),truck_7.5t,280.9,296.4,82.2,,,,,,,,,
2024,2,,,,,,進料物流/請款單,模擬資料,,,,,,上游運輸(供應商→工廠),truck_7.5t,261.0,480.6,63.8,,,,,,,,,
2024,2,,,,,,進料物流/請款單,模擬資料,,,,,,上游運輸(供應商→工廠),truck_7.5t,203.8,318.8,75.2,,,,,,,,,
2024,2,,,,,,進料物流/請款單,模擬資料,,,,,,上游運輸(供應商→工廠),truck_20t,175.2,443.9,89.8,,,,,,,,,
2024,2,,,,,,進料物流/請款單,模擬資料,,,,,,上游運輸(供應商→工廠),van,194.9,451.4,86.4,,,,,,,,,
2024,2,,,,,,進料物流/請款單,模擬資料,,,,,,上游運輸(供應商→工廠),van,170.9,320.1,61.5,,,,,,,,,
2024,2,,,,,,進料物流/請款單,模擬資料,,,,,,上游運輸(供應商→工廠),van,203.5,511.3,85.1,,,,,,,,,
2024,2,,,,,,進料物流/請款單,模擬資料,,,,,,上游運輸(供應商→工廠),truck_20t,243.6,569.5,86.2,,,,,,,,,
2024,2,,,,,,進料物流/請款單,模擬資料,,,,,,上游運輸(供應商→工廠),truck_7.5t,115.0,348.6,71.9,,,,,,,,,
2024,2,,,,,,進料物流/請款單,模擬資料,,,,,,上游運輸(供應商→工廠),truck_7.5t,246.0,604.5,82.8,,,,,,,,,
2024,2,,,,,,進料物流/請款單,模擬資料,,,,,,上游運輸(供應商→工廠),truck_20t,193.0,411.7,60.4,,,,,,,,,
2024,2,,,,,,進料物流/請款單,模擬資料,,,,,,上游運輸(供應商→工廠),truck_20t,149.8,480.3,62.8,,,,,,,,,
2024,2,,,,,,進料物流/請款單,模擬資料,,,,,,上游運輸(供應商→工廠),van,194.6,401.8,64.5,,,,,,,,,
2024,2,,,,,,進料物流/請款單,模擬資料,,,,,,上游運輸(供應商→工廠),truck_20t,266.3,392.3,85.8,,,,,,,,,
2024,2,,,,,,進料物流/請款單,模擬資料,,,,,,上游運輸(供應商→工廠),truck_7.5t,53.0,310.6,82.0,,,,,,,,,
2024,2,,,,,,進料物流/請款單,模擬資料,,,,,,上游運輸(供應商→工廠),truck_20t,172.9,453.7,82.3,,,,,,,,,
2024,2,,,,,,進料物流/請款單,模擬資料,,,,,,上游運輸(供應商→工廠),truck_7.5t,273.7,497.5,63.1,,,,,,,,,
2024,2,,,,,,進料物流/請款單,模擬資料,,,,,,上游運輸(供應商→工廠),truck_7.5t,126.3,359.7,63.0,,,,,,,,,
2024,2,,,,,,進料物流/請款單,模擬資料,,,,,,上游運輸(供應商→工廠),truck_7.5t,159.8,670.5,89.4,,,,,,,,,
2024,2,,,,,,進料物流/請款單,模擬資料,,,,,,上游運輸(供應商→工廠),van,174.4,660.4,71.8,,,,,,,,,
2024,2,,,,,,進料物流/請款單,模擬資料,,,,,,上游運輸(供應商→工廠),truck_7.5t,231.1,831.5,72.3,,,,,,,,,
2024,2,,,,,,進料物流/請款單,模擬資料,,,,,,上游運輸(供應商→工廠),truck_7.5t,150.6,406.6,65.9,,,,,,,,,
2024,2,,,,,,進料物流/請款單,模擬資料,,,,,,上游運輸(供應商→工廠),truck_7.5t,180.8,483.4,64.9,,,,,,,,,
2024,2,,,,,,進料物流/請款單,模擬資料,,,,,,上游運輸(供應商→工廠),van,220.0,217.6,67.3,,,,,,,,,
2024,2,,,,,,進料物流/請款單,模擬資料,,,,,,上游運輸(供應商→工廠),truck_7.5t,185.0,443.0,68.3,,,,,,,,,
2024,2,,,,,,進料物流/請款單,模擬資料,,,,,,上游運輸(供應商→工廠),truck_20t,155.6,288.9,74.1,,,,,,,,,
2024,2,,,,,,進料物流/請款單,模擬資料,,,,,,上游運輸(供應商→工廠),van,119.5,483.5,88.8,,,,,,,,,
2024,2,,,,,,進料物流/請款單,模擬資料,,,,,,上游運輸(供應商→工廠),truck_7.5t,62.5,223.0,67.6,,,,,,,,,
2024,2,,,,,,進料物流/請款單,模擬資料,,,,,,上游運輸(供應商→工廠),truck_20t,178.3,437.6,87.0,,,,,,,,,
2024,2,,,,,,進料物流/請款單,模擬資料,,,,,,上游運輸(供應商→工廠),truck_7.5t,109.7,316.7,62.2,,,,,,,,,
2024,2,,,,,,進料物流/請款單,模擬資料,,,,,,上游運輸(供應商→工廠),truck_7.5t,154.1,599.4,62.9,,,,,,,,,
2024,2,,,,,,進料物流/請款單,模擬資料,,,,,,上游運輸(供應商→工廠),truck_7.5t,146.5,350.0,65.0,,,,,,,,,
2024,2,,,,,,進料物流/請款單,模擬資料,,,,,,上游運輸(供應商→工廠),truck_7.5t,243.0,412.6,77.5,,,,,,,,,
2024,2,,,,,,進料物流/請款單,模擬資料,,,,,,上游運輸(供應商→工廠),truck_7.5t,87.9,507.5,72.1,,,,,,,,,
2024,2,,,,,,進料物流/請款單,模擬資料,,,,,,上游運輸(供應商→工廠),truck_20t,275.3,432.3,88.2,,,,,,,,,
2024,2,,,,,,進料物流/請款單,模擬資料,,,,,,上游運輸(供應商→工廠),truck_20t,103.4,422.9,67.9,,,,,,,,,
2024,2,,,,,,進料物流/請款單,模擬資料,,,,,,上游運輸(供應商→工廠),truck_20t,203.8,359.8,73.5,,,,,,,,,
2024,2,,,,,,進料物流/請款單,模擬資料,,,,,,上游運輸(供應商→工廠),truck_7.5t,249.5,568.5,86.2,,,,,,,,,
2024,2,,,,,,進料物流/請款單,模擬資料,,,,,,上游運輸(供應商→工廠),truck_20t,261.8,513.5,67.3,,,,,,,,,
2024,2,,,,,,進料物流/請款單,模擬資料,,,,,,上游運輸(供應商→工廠),van,187.2,346.0,83.3,,,,,,,,,
2024,2,,,,,,進料物流/請款單,模擬資料,,,,,,上游運輸(供應商→工廠),truck_7.5t,169.8,675.9,76.1,,,,,,,,,
2024,2,,,,,,進料物流/請款單,模擬資料,,,,,,上游運輸(供應商→工廠),van,180.4,459.1,88.6,,,,,,,,,
2024,2,,,,,,進料物流/請款單,模擬資料,,,,,,上游運輸(供應商→工廠),truck_20t,198.6,647.7,76.6,,,,,,,,,
2024,2,,,,,,進料物流/請款單,模擬資料,,,,,,上游運輸(供應商→工廠),truck_7.5t,236.4,439.5,63.6,,,,,,,,,
2024,2,,,,,,進料物流/請款單,模擬資料,,,,,,上游運輸(供應商→工廠),van,209.4,556.4,74.0,,,,,,,,,
2024,2,,,,,,進料物流/請款單,模擬資料,,,,,,上游運輸(供應商→工廠),van,200.2,407.3,89.7,,,,,,,,,
2024,2,,,,,,進料物流/請款單,模擬資料,,,,,,上游運輸(供應商→工廠),truck_7.5t,76.6,12.2,64.6,,,,,,,,,
2024,2,,,,,,進料物流/請款單,模擬資料,,,,,,上游運輸(供應商→工廠),truck_20t,137.3,310.5,70.3,,,,,,,,,
2024,2,,,,,,進料物流/請款單,模擬資料,,,,,,上游運輸(供應商→工廠),truck_7.5t,179.9,719.2,83.8,,,,,,,,,
2024,2,,,,,,進料物流/請款單,模擬資料,,,,,,上游運輸(供應商→工廠),truck_20t,119.9,465.7,79.2,,,,,,,,,
2024,2,,,,,,進料物流/請款單,模擬資料,,,,,,上游運輸(供應商→工廠),truck_20t,164.7,286.2,61.9,,,,,,,,,
2024,2,,,,,,進料物流/請款單,模擬資料,,,,,,上游運輸(供應商→工廠),van,163.0,454.2,79.0,,,,,,,,,
2024,2,,,,,,進料物流/請款單,模擬資料,,,,,,上游運輸(供應商→工廠),truck_20t,120.0,524.0,81.8,,,,,,,,,
2024,2,,,,,,進料物流/請款單,模擬資料,,,,,,上游運輸(供應商→工廠),truck_20t,95.0,400.5,74.2,,,,,,,,,
2024,2,,,,,,進料物流/請款單,模擬資料,,,,,,上游運輸(供應商→工廠),van,193.8,266.3,80.3,,,,,,,,,
2024,2,,,,,,進料物流/請款單,模擬資料,,,,,,上游運輸(供應商→工廠),truck_20t,95.7,525.8,86.8,,,,,,,,,
2024,2,,,,,,進料物流/請款單,模擬資料,,,,,,上游運輸(供應商→工廠),truck_20t,161.8,522.5,79.8,,,,,,,,,
2024,2,,,,,,進料物流/請款單,模擬資料,,,,,,上游運輸(供應商→工廠),van,287.7,627.5,82.2,,,,,,,,,
2024,2,,,,,,進料物流/請款單,模擬資料,,,,,,上游運輸(供應商→工廠),truck_20t,226.0,492.3,75.3,,,,,,,,,
2024,2,,,,,,進料物流/請款單,模擬資料,,,,,,上游運輸(供應商→工廠),truck_7.5t,176.4,548.9,70.3,,,,,,,,,
2024,2,,,,,,進料物流/請款單,模擬資料,,,,,,上游運輸(供應商→工廠),truck_7.5t,180.2,526.1,62.8,,,,,,,,,
2024,2,,,,,,進料物流/請款單,模擬資料,,,,,,上游運輸(供應商→工廠),truck_7.5t,225.4,405.0,60.6,,,,,,,,,
2024,2,,,,,,進料物流/請款單,模擬資料,,,,,,上游運輸(供應商→工廠),truck_20t,150.0,623.1,85.8,,,,,,,,,
2024,2,,,,,,進料物流/請款單,模擬資料,,,,,,上游運輸(供應商→工廠),truck_7.5t,183.1,327.5,68.3,,,,,,,,,
2024,2,,,,,,進料物流/請款單,模擬資料,,,,,,上游運輸(供應商→工廠),truck_20t,200.4,524.4,87.3,,,,,,,,,
2024,2,,,,,,進料物流/請款單,模擬資料,,,,,,上游運輸(供應商→工廠),truck_20t,53.5,523.9,88.6,,,,,,,,,
2024,2,,,,,,進料物流/請款單,模擬資料,,,,,,上游運輸(供應商→工廠),truck_7.5t,179.7,454.3,69.6,,,,,,,,,
2024,2,,,,,,進料物流/請款單,模擬資料,,,,,,上游運輸(供應商→工廠),truck_20t,150.0,474.3,60.7,,,,,,,,,
2024,2,,,,,,進料物流/請款單,模擬資料,,,,,,上游運輸(供應商→工廠),truck_20t,239.2,449.8,73.3,,,,,,,,,
2024,2,,,,,,進料物流/請款單,模擬資料,,,,,,上游運輸(供應商→工廠),truck_20t,122.7,531.3,76.3,,,,,,,,,
2024,2,,,,,,進料物流/請款單,模擬資料,,,,,,上游運輸(供應商→工廠),truck_20t,134.3,462.2,67.3,,,,,,,,,
2024,2,,,,,,進料物流/請款單,模擬資料,,,,,,上游運輸(供應商→工廠),truck_7.5t,122.7,515.1,89.3,,,,,,,,,
2024,2,,,,,,進料物流/請款單,模擬資料,,,,,,上游運輸(供應商→工廠),truck_7.5t,186.6,425.5,74.4,,,,,,,,,
2024,2,,,,,,進料物流/請款單,模擬資料,,,,,,上游運輸(供應商→工廠),truck_20t,189.0,626.6,68.7,,,,,,,,,
2024,2,,,,,,進料物流/請款單,模擬資料,,,,,,上游運輸(供應商→工廠),truck_20t,170.8,503.4,66.6,,,,,,,,,
2024,3,,,,,,進料物流/請款單,模擬資料,,,,,,上游運輸(供應商→工廠),truck_7.5t,176.4,372.7,70.1,,,,,,,,,
2024,3,,,,,,進料物流/請款單,模擬資料,,,,,,上游運輸(供應商→工廠),truck_7.5t,175.4,623.4,83.2,,,,,,,,,
2024,3,,,,,,進料物流/請款單,模擬資料,,,,,,上游運輸(供應商→工廠),truck_7.5t,84.4,422.5,65.8,,,,,,,,,
2024,3,,,,,,進料物流/請款單,模擬資料,,,,,,上游運輸(供應商→工廠),truck_7.5t,348.6,608.3,88.0,,,,,,,,,
2024,3,,,,,,進料物流/請款單,模擬資料,,,,,,上游運輸(供應商→工廠),truck_7.5t,170.9,479.3,83.7,,,,,,,,,
2024,3,,,,,,進料物流/請款單,模擬資料,,,,,,上游運輸(供應商→工廠),truck_20t,155.5,463.2,63.4,,,,,,,,,
2024,3,,,,,,進料物流/請款單,模擬資料,,,,,,上游運輸(供應商→工廠),truck_7.5t,163.4,528.4,76.6,,,,,,,,,
2024,3,,,,,,進料物流/請款單,模擬資料,,,,,,上游運輸(供應商→工廠),truck_20t,190.8,545.4,89.8,,,,,,,,,
2024,3,,,,,,進料物流/請款單,模擬資料,,,,,,上游運輸(供應商→工廠),truck_7.5t,274.8,442.0,81.8,,,,,,,,,
2024,3,,,,,,進料物流/請款單,模擬資料,,,,,,上游運輸(供應商→工廠),van,247.8,599.0,72.7,,,,,,,,,
2024,3,,,,,,進料物流/請款單,模擬資料,,,,,,上游運輸(供應商→工廠),van,114.2,512.4,83.6,,,,,,,,,
2024,3,,,,,,進料物流/請款單,模擬資料,,,,,,上游運輸(供應商→工廠),truck_7.5t,258.2,354.6,69.6,,,,,,,,,
2024,3,,,,,,進料物流/請款單,模擬資料,,,,,,上游運輸(供應商→工廠),truck_20t,110.9,417.4,86.8,,,,,,,,,
2024,3,,,,,,進料物流/請款單,模擬資料,,,,,,上游運輸(供應商→工廠),truck_7.5t,248.0,459.5,64.6,,,,,,,,,
2024,3,,,,,,進料物流/請款單,模擬資料,,,,,,上游運輸(供應商→工廠),van,207.0,331.4,60.0,,,,,,,,,
2024,3,,,,,,進料物流/請款單,模擬資料,,,,,,上游運輸(供應商→工廠),truck_7.5t,168.9,421.7,79.6,,,,,,,,,
2024,3,,,,,,進料物流/請款單,模擬資料,,,,,,上游運輸(供應商→工廠),truck_20t,165.4,438.2,85.8,,,,,,,,,
2024,3,,,,,,進料物流/請款單,模擬資料,,,,,,上游運輸(供應商→工廠),truck_7.5t,138.8,418.4,62.8,,,,,,,,,
2024,3,,,,,,進料物流/請款單,模擬資料,,,,,,上游運輸(供應商→工廠),van,183.7,604.6,82.6,,,,,,,,,
2024,3,,,,,,進料物流/請款單,模擬資料,,,,,,上游運輸(供應商→工廠),truck_7.5t,283.1,450.5,71.0,,,,,,,,,
2024,3,,,,,,進料物流/請款單,模擬資料,,,,,,上游運輸(供應商→工廠),van,180.9,384.8,63.6,,,,,,,,,
2024,3,,,,,,進料物流/請款單,模擬資料,,,,,,上游運輸(供應商→工廠),truck_20t,241.1,403.9,84.7,,,,,,,,,
2024,3,,,,,,進料物流/請款單,模擬資料,,,,,,上游運輸(供應商→工廠),truck_20t,196.4,565.5,79.6,,,,,,,,,
2024,3,,,,,,進料物流/請款單,模擬資料,,,,,,上游運輸(供應商→工廠),truck_7.5t,180.1,463.3,89.3,,,,,,,,,
2024,3,,,,,,進料物流/請款單,模擬資料,,,,,,上游運輸(供應商→工廠),truck_7.5t,108.8,279.9,79.7,,,,,,,,,
2024,3,,,,,,進料物流/請款單,模擬資料,,,,,,上游運輸(供應商→工廠),truck_20t,120.9,269.1,76.5,,,,,,,,,
2024,3,,,,,,進料物流/請款單,模擬資料,,,,,,上游運輸(供應商→工廠),van,155.3,666.2,61.5,,,,,,,,,
2024,3,,,,,,進料物流/請款單,模擬資料,,,,,,上游運輸(供應商→工廠),truck_20t,173.0,221.0,72.6,,,,,,,,,
2024,3,,,,,,進料物流/請款單,模擬資料,,,,,,上游運輸(供應商→工廠),truck_7.5t,134.3,258.0,71.6,,,,,,,,,
2024,3,,,,,,進料物流/請款單,模擬資料,,,,,,上游運輸(供應商→工廠),truck_20t,100.8,500.1,76.9,,,,,,,,,
2024,3,,,,,,進料物流/請款單,模擬資料,,,,,,上游運輸(供應商→工廠),truck_20t,179.4,525.9,66.4,,,,,,,,,
2024,3,,,,,,進料物流/請款單,模擬資料,,,,,,上游運輸(供應商→工廠),truck_20t,216.8,493.8,86.7,,,,,,,,,
2024,3,,,,,,進料物流/請款單,模擬資料,,,,,,上游運輸(供應商→工廠),truck_20t,164.6,570.9,61.8,,,,,,,,,
2024,3,,,,,,進料物流/請款單,模擬資料,,,,,,上游運輸(供應商→工廠),truck_20t,106.3,685.3,80.4,,,,,,,,,
2024,3,,,,,,進料物流/請款單,模擬資料,,,,,,上游運輸(供應商→工廠),truck_7.5t,100.6,323.0,72.7,,,,,,,,,
2024,3,,,,,,進料物流/請款單,模擬資料,,,,,,上游運輸(供應商→工廠),truck_7.5t,141.0,437.7,69.6,,,,,,,,,
2024,3,,,,,,進料物流/請款單,模擬資料,,,,,,上游運輸(供應商→工廠),truck_20t,316.9,344.5,67.9,,,,,,,,,
2024,3,,,,,,進料物流/請款單,模擬資料,,,,,,上游運輸(供應商→工廠),truck_7.5t,168.8,391.3,87.9,,,,,,,,,
2024,3,,,,,,進料物流/請款單,模擬資料,,,,,,上游運輸(供應商→工廠),truck_7.5t,71.4,284.6,78.6,,,,,,,,,
2024,3,,,,,,進料物流/請款單,模擬資料,,,,,,上游運輸(供應商→工廠),truck_20t,177.3,609.0,84.6,,,,,,,,,
2024,3,,,,,,進料物流/請款單,模擬資料,,,,,,上游運輸(供應商→工廠),van,125.9,543.9,72.0,,,,,,,,,
2024,3,,,,,,進料物流/請款單,模擬資料,,,,,,上游運輸(供應商→工廠),van,213.6,380.8,84.2,,,,,,,,,
2024,3,,,,,,進料物流/請款單,模擬資料,,,,,,上游運輸(供應商→工廠),van,109.0,315.3,74.8,,,,,,,,,
2024,3,,,,,,進料物流/請款單,模擬資料,,,,,,上游運輸(供應商→工廠),truck_7.5t,199.6,460.4,77.5,,,,,,,,,
2024,3,,,,,,進料物流/請款單,模擬資料,,,,,,上游運輸(供應商→工廠),truck_7.5t,217.1,518.5,63.1,,,,,,,,,
2024,3,,,,,,進料物流/請款單,模擬資料,,,,,,上游運輸(供應商→工廠),truck_7.5t,281.0,329.8,72.3,,,,,,,,,
2024,3,,,,,,進料物流/請款單,模擬資料,,,,,,上游運輸(供應商→工廠),truck_20t,155.3,458.2,88.0,,,,,,,,,
2024,3,,,,,,進料物流/請款單,模擬資料,,,,,,上游運輸(供應商→工廠),truck_20t,238.0,262.9,77.0,,,,,,,,,
2024,3,,,,,,進料物流/請款單,模擬資料,,,,,,上游運輸(供應商→工廠),truck_20t,136.5,486.2,69.6,,,,,,,,,
2024,3,,,,,,進料物流/請款單,模擬資料,,,,,,上游運輸(供應商→工廠),truck_7.5t,284.4,445.4,65.0,,,,,,,,,
2024,3,,,,,,進料物流/請款單,模擬資料,,,,,,上游運輸(供應商→工廠),truck_20t,227.7,461.7,76.9,,,,,,,,,
2024,3,,,,,,進料物流/請款單,模擬資料,,,,,,上游運輸(供應商→工廠),truck_7.5t,129.8,436.1,87.8,,,,,,,,,
2024,3,,,,,,進料物流/請款單,模擬資料,,,,,,上游運輸(供應商→工廠),truck_7.5t,272.2,521.2,88.4,,,,,,,,,
2024,3,,,,,,進料物流/請款單,模擬資料,,,,,,上游運輸(供應商→工廠),truck_20t,142.6,494.8,60.1,,,,,,,,,
2024,3,,,,,,進料物流/請款單,模擬資料,,,,,,上游運輸(供應商→工廠),van,201.8,644.4,60.8,,,,,,,,,
2024,3,,,,,,進料物流/請款單,模擬資料,,,,,,上游運輸(供應商→工廠),truck_20t,59.2,189.5,74.0,,,,,,,,,
2024,3,,,,,,進料物流/請款單,模擬資料,,,,,,上游運輸(供應商→工廠),truck_20t,100.4,480.1,86.4,,,,,,,,,
2024,3,,,,,,進料物流/請款單,模擬資料,,,,,,上游運輸(供應商→工廠),truck_7.5t,190.2,548.9,64.8,,,,,,,,,
2024,3,,,,,,進料物流/請款單,模擬資料,,,,,,上游運輸(供應商→工廠),truck_7.5t,195.5,194.5,89.0,,,,,,,,,
2024,3,,,,,,進料物流/請款單,模擬資料,,,,,,上游運輸(供應商→工廠),truck_20t,110.6,370.6,77.8,,,,,,,,,
2024,3,,,,,,進料物流/請款單,模擬資料,,,,,,上游運輸(供應商→工廠),truck_7.5t,216.9,199.9,74.5,,,,,,,,,
2024,3,,,,,,進料物流/請款單,模擬資料,,,,,,上游運輸(供應商→工廠),truck_20t,120.2,152.3,72.7,,,,,,,,,
2024,3,,,,,,進料物流/請款單,模擬資料,,,,,,上游運輸(供應商→工廠),truck_20t,109.2,408.3,83.8,,,,,,,,,
2024,3,,,,,,進料物流/請款單,模擬資料,,,,,,上游運輸(供應商→工廠),truck_7.5t,213.9,498.5,86.2,,,,,,,,,
2024,3,,,,,,進料物流/請款單,模擬資料,,,,,,上游運輸(供應商→工廠),truck_20t,90.9,495.1,80.7,,,,,,,,,
2024,3,,,,,,進料物流/請款單,模擬資料,,,,,,上游運輸(供應商→工廠),truck_7.5t,178.7,382.7,78.6,,,,,,,,,
2024,3,,,,,,進料物流/請款單,模擬資料,,,,,,上游運輸(供應商→工廠),van,197.6,566.1,66.4,,,,,,,,,
2024,3,,,,,,進料物流/請款單,模擬資料,,,,,,上游運輸(供應商→工廠),van,67.3,539.0,62.9,,,,,,,,,
2024,3,,,,,,進料物流/請款單,模擬資料,,,,,,上游運輸(供應商→工廠),van,204.7,482.4,89.2,,,,,,,,,
2024,3,,,,,,進料物流/請款單,模擬資料,,,,,,上游運輸(供應商→工廠),truck_7.5t,342.6,528.9,79.0,,,,,,,,,
2024,3,,,,,,進料物流/請款單,模擬資料,,,,,,上游運輸(供應商→工廠),truck_7.5t,206.3,501.3,76.0,,,,,,,,,
2024,3,,,,,,進料物流/請款單,模擬資料,,,,,,上游運輸(供應商→工廠),van,199.6,727.2,81.2,,,,,,,,,
2024,3,,,,,,進料物流/請款單,模擬資料,,,,,,上游運輸(供應商→工廠),truck_7.5t,164.8,436.9,88.1,,,,,,,,,
2024,3,,,,,,進料物流/請款單,模擬資料,,,,,,上游運輸(供應商→工廠),truck_20t,294.8,492.3,64.7,,,,,,,,,
2024,3,,,,,,進料物流/請款單,模擬資料,,,,,,上游運輸(供應商→工廠),van,155.4,389.1,71.9,,,,,,,,,
2024,3,,,,,,進料物流/請款單,模擬資料,,,,,,上游運輸(供應商→工廠),truck_7.5t,76.0,560.0,69.3,,,,,,,,,
2024,3,,,,,,進料物流/請款單,模擬資料,,,,,,上游運輸(供應商→工廠),truck_7.5t,112.4,495.2,62.8,,,,,,,,,
2024,3,,,,,,進料物流/請款單,模擬資料,,,,,,上游運輸(供應商→工廠),truck_7.5t,89.1,565.2,89.3,,,,,,,,,
2024,3,,,,,,進料物流/請款單,模擬資料,,,,,,上游運輸(供應商→工廠),truck_20t,178.5,257.4,83.9,,,,,,,,,
2024,3,,,,,,進料物流/請款單,模擬資料,,,,,,上游運輸(供應商→工廠),truck_7.5t,197.5,471.3,89.2,,,,,,,,,
2024,3,,,,,,進料物流/請款單,模擬資料,,,,,,上游運輸(供應商→工廠),van,161.0,106.0,71.6,,,,,,,,,
2024,3,,,,,,進料物流/請款單,模擬資料,,,,,,上游運輸(供應商→工廠),truck_20t,254.9,461.3,62.3,,,,,,,,,
2024,3,,,,,,進料物流/請款單,模擬資料,,,,,,上游運輸(供應商→工廠),van,139.7,340.1,78.4,,,,,,,,,
2024,3,,,,,,進料物流/請款單,模擬資料,,,,,,上游運輸(供應商→工廠),van,67.7,505.5,89.3,,,,,,,,,
2024,3,,,,,,進料物流/請款單,模擬資料,,,,,,上游運輸(供應商→工廠),truck_7.5t,214.5,428.1,89.3,,,,,,,,,
2024,3,,,,,,進料物流/請款單,模擬資料,,,,,,上游運輸(供應商→工廠),truck_7.5t,167.8,411.1,61.9,,,,,,,,,
2024,3,,,,,,進料物流/請款單,模擬資料,,,,,,上游運輸(供應商→工廠),truck_20t,195.4,533.4,76.1,,,,,,,,,
2024,3,,,,,,進料物流/請款單,模擬資料,,,,,,上游運輸(供應商→工廠),truck_20t,154.9,511.6,78.5,,,,,,,,,
2024,3,,,,,,進料物流/請款單,模擬資料,,,,,,上游運輸(供應商→工廠),van,262.1,601.3,62.7,,,,,,,,,
2024,3,,,,,,進料物流/請款單,模擬資料,,,,,,上游運輸(供應商→工廠),truck_7.5t,238.3,569.5,71.3,,,,,,,,,
2024,3,,,,,,進料物流/請款單,模擬資料,,,,,,上游運輸(供應商→工廠),truck_7.5t,203.4,424.9,69.6,,,,,,,,,
2024,3,,,,,,進料物流/請款單,模擬資料,,,,,,上游運輸(供應商→工廠),truck_7.5t,229.5,340.6,66.9,,,,,,,,,
2024,3,,,,,,進料物流/請款單,模擬資料,,,,,,上游運輸(供應商→工廠),van,163.7,539.5,65.6,,,,,,,,,
2024,3,,,,,,進料物流/請款單,模擬資料,,,,,,上游運輸(供應商→工廠),truck_7.5t,194.2,253.7,75.2,,,,,,,,,
2024,3,,,,,,進料物流/請款單,模擬資料,,,,,,上游運輸(供應商→工廠),truck_20t,105.2,95.3,74.3,,,,,,,,,
2024,4,,,,,,進料物流/請款單,模擬資料,,,,,,上游運輸(供應商→工廠),truck_7.5t,266.3,283.1,79.1,,,,,,,,,
2024,4,,,,,,進料物流/請款單,模擬資料,,,,,,上游運輸(供應商→工廠),truck_20t,271.0,729.1,86.9,,,,,,,,,
2024,4,,,,,,進料物流/請款單,模擬資料,,,,,,上游運輸(供應商→工廠),truck_20t,210.6,410.9,79.4,,,,,,,,,
2024,4,,,,,,進料物流/請款單,模擬資料,,,,,,上游運輸(供應商→工廠),truck_20t,173.1,626.1,85.7,,,,,,,,,
2024,4,,,,,,進料物流/請款單,模擬資料,,,,,,上游運輸(供應商→工廠),truck_20t,201.4,664.2,80.2,,,,,,,,,
2024,4,,,,,,進料物流/請款單,模擬資料,,,,,,上游運輸(供應商→工廠),truck_7.5t,207.6,347.5,84.4,,,,,,,,,
2024,4,,,,,,進料物流/請款單,模擬資料,,,,,,上游運輸(供應商→工廠),truck_7.5t,98.4,295.6,66.5,,,,,,,,,
2024,4,,,,,,進料物流/請款單,模擬資料,,,,,,上游運輸(供應商→工廠),truck_7.5t,247.5,463.1,78.8,,,,,,,,,
2024,4,,,,,,進料物流/請款單,模擬資料,,,,,,上游運輸(供應商→工廠),truck_7.5t,170.2,427.1,63.3,,,,,,,,,
2024,4,,,,,,進料物流/請款單,模擬資料,,,,,,上游運輸(供應商→工廠),van,282.4,403.1,68.7,,,,,,,,,
2024,4,,,,,,進料物流/請款單,模擬資料,,,,,,上游運輸(供應商→工廠),truck_7.5t,199.8,463.8,81.2,,,,,,,,,
2024,4,,,,,,進料物流/請款單,模擬資料,,,,,,上游運輸(供應商→工廠),van,97.6,555.4,64.4,,,,,,,,,
2024,4,,,,,,進料物流/請款單,模擬資料,,,,,,上游運輸(供應商→工廠),truck_7.5t,178.6,376.0,76.5,,,,,,,,,
2024,4,,,,,,進料物流/請款單,模擬資料,,,,,,上游運輸(供應商→工廠),truck_20t,113.8,407.6,83.5,,,,,,,,,
2024,4,,,,,,進料物流/請款單,模擬資料,,,,,,上游運輸(供應商→工廠),truck_7.5t,109.1,535.4,84.6,,,,,,,,,
2024,4,,,,,,進料物流/請款單,模擬資料,,,,,,上游運輸(供應商→工廠),truck_7.5t,199.8,609.0,74.0,,,,,,,,,
2024,4,,,,,,進料物流/請款單,模擬資料,,,,,,上游運輸(供應商→工廠),truck_7.5t,177.4,197.1,69.4,,,,,,,,,
2024,4,,,,,,進料物流/請款單,模擬資料,,,,,,上游運輸(供應商→工廠),truck_7.5t,212.9,458.1,69.1,,,,,,,,,
2024,4,,,,,,進料物流/請款單,模擬資料,,,,,,上游運輸(供應商→工廠),truck_20t,192.6,248.1,87.9,,,,,,,,,
2024,4,,,,,,進料物流/請款單,模擬資料,,,,,,上游運輸(供應商→工廠),truck_7.5t,63.9,412.2,90.0,,,,,,,,,
2024,4,,,,,,進料物流/請款單,模擬資料,,,,,,上游運輸(供應商→工廠),truck_20t,168.7,421.9,83.7,,,,,,,,,
2024,4,,,,,,進料物流/請款單,模擬資料,,,,,,上游運輸(供應商→工廠),truck_7.5t,169.8,593.8,74.3,,,,,,,,,
2024,4,,,,,,進料物流/請款單,模擬資料,,,,,,上游運輸(供應商→工廠),truck_20t,198.6,516.6,76.6,,,,,,,,,
2024,4,,,,,,進料物流/請款單,模擬資料,,,,,,上游運輸(供應商→工廠),truck_7.5t,122.4,691.1,83.8,,,,,,,,,
2024,4,,,,,,進料物流/請款單,模擬資料,,,,,,上游運輸(供應商→工廠),truck_7.5t,271.0,338.4,86.7,,,,,,,,,
2024,4,,,,,,進料物流/請款單,模擬資料,,,,,,上游運輸(供應商→工廠),van,173.7,478.4,78.2,,,,,,,,,
2024,4,,,,,,進料物流/請款單,模擬資料,,,,,,上游運輸(供應商→工廠),truck_20t,131.8,236.3,68.9,,,,,,,,,
2024,4,,,,,,進料物流/請款單,模擬資料,,,,,,上游運輸(供應商→工廠),van,136.5,262.0,88.5,,,,,,,,,
2024,4,,,,,,進料物流/請款單,模擬資料,,,,,,上游運輸(供應商→工廠),truck_20t,142.3,284.9,65.8,,,,,,,,,
2024,4,,,,,,進料物流/請款單,模擬資料,,,,,,上游運輸(供應商→工廠),truck_20t,171.3,547.1,87.4,,,,,,,,,
2024,4,,,,,,進料物流/請款單,模擬資料,,,,,,上游運輸(供應商→工廠),truck_20t,111.2,352.0,67.1,,,,,,,,,
2024,4,,,,,,進料物流/請款單,模擬資料,,,,,,上游運輸(供應商→工廠),van,189.7,310.4,72.9,,,,,,,,,
2024,4,,,,,,進料物流/請款單,模擬資料,,,,,,上游運輸(供應商→工廠),truck_20t,166.8,453.0,83.2,,,,,,,,,
2024,4,,,,,,進料物流/請款單,模擬資料,,,,,,上游運輸(供應商→工廠),van,104.3,275.6,60.1,,,,,,,,,
2024,4,,,,,,進料物流/請款單,模擬資料,,,,,,上游運輸(供應商→工廠),truck_7.5t,200.7,184.3,66.2,,,,,,,,,
2024,4,,,,,,進料物流/請款單,模擬資料,,,,,,上游運輸(供應商→工廠),truck_20t,137.8,516.0,71.9,,,,,,,,,
2024,4,,,,,,進料物流/請款單,模擬資料,,,,,,上游運輸(供應商→工廠),truck_20t,236.6,168.7,65.9,,,,,,,,,
2024,4,,,,,,進料物流/請款單,模擬資料,,,,,,上游運輸(供應商→工廠),van,95.4,283.6,79.3,,,,,,,,,
2024,4,,,,,,進料物流/請款單,模擬資料,,,,,,上游運輸(供應商→工廠),truck_20t,207.2,495.4,72.1,,,,,,,,,
2024,4,,,,,,進料物流/請款單,模擬資料,,,,,,上游運輸(供應商→工廠),truck_20t,115.9,639.3,82.6,,,,,,,,,
2024,4,,,,,,進料物流/請款單,模擬資料,,,,,,上游運輸(供應商→工廠),truck_7.5t,94.7,601.7,65.6,,,,,,,,,
2024,4,,,,,,進料物流/請款單,模擬資料,,,,,,上游運輸(供應商→工廠),truck_7.5t,191.7,511.0,87.2,,,,,,,,,
2024,4,,,,,,進料物流/請款單,模擬資料,,,,,,上游運輸(供應商→工廠),truck_20t,164.9,484.6,67.6,,,,,,,,,
2024,4,,,,,,進料物流/請款單,模擬資料,,,,,,上游運輸(供應商→工廠),truck_7.5t,211.9,368.6,66.7,,,,,,,,,
2024,4,,,,,,進料物流/請款單,模擬資料,,,,,,上游運輸(供應商→工廠),truck_20t,134.4,488.9,64.9,,,,,,,,,
2024,4,,,,,,進料物流/請款單,模擬資料,,,,,,上游運輸(供應商→工廠),truck_20t,250.5,541.4,87.5,,,,,,,,,
2024,4,,,,,,進料物流/請款單,模擬資料,,,,,,上游運輸(供應商→工廠),truck_20t,275.4,168.7,61.5,,,,,,,,,
2024,4,,,,,,進料物流/請款單,模擬資料,,,,,,上游運輸(供應商→工廠),truck_7.5t,130.2,303.6,82.8,,,,,,,,,
2024,4,,,,,,進料物流/請款單,模擬資料,,,,,,上游運輸(供應商→工廠),truck_20t,245.1,484.0,81.9,,,,,,,,,
2024,4,,,,,,進料物流/請款單,模擬資料,,,,,,上游運輸(供應商→工廠),truck_20t,167.8,451.0,82.3,,,,,,,,,
2024,4,,,,,,進料物流/請款單,模擬資料,,,,,,上游運輸(供應商→工廠),truck_7.5t,218.9,160.3,67.2,,,,,,,,,
2024,4,,,,,,進料物流/請款單,模擬資料,,,,,,上游運輸(供應商→工廠),truck_7.5t,250.2,435.7,71.9,,,,,,,,,
2024,4,,,,,,進料物流/請款單,模擬資料,,,,,,上游運輸(供應商→工廠),truck_7.5t,256.4,389.2,82.1,,,,,,,,,
2024,4,,,,,,進料物流/請款單,模擬資料,,,,,,上游運輸(供應商→工廠),truck_20t,86.0,421.6,83.9,,,,,,,,,
2024,4,,,,,,進料物流/請款單,模擬資料,,,,,,上游運輸(供應商→工廠),truck_20t,187.7,540.2,89.5,,,,,,,,,
2024,4,,,,,,進料物流/請款單,模擬資料,,,,,,上游運輸(供應商→工廠),truck_7.5t,287.9,437.7,89.6,,,,,,,,,
2024,4,,,,,,進料物流/請款單,模擬資料,,,,,,上游運輸(供應商→工廠),truck_20t,180.1,476.9,68.5,,,,,,,,,
2024,4,,,,,,進料物流/請款單,模擬資料,,,,,,上游運輸(供應商→工廠),truck_7.5t,84.1,439.3,86.5,,,,,,,,,
2024,4,,,,,,進料物流/請款單,模擬資料,,,,,,上游運輸(供應商→工廠),van,83.1,422.7,78.2,,,,,,,,,
2024,4,,,,,,進料物流/請款單,模擬資料,,,,,,上游運輸(供應商→工廠),van,163.2,362.9,66.6,,,,,,,,,
2024,4,,,,,,進料物流/請款單,模擬資料,,,,,,上游運輸(供應商→工廠),truck_20t,253.7,385.5,61.7,,,,,,,,,
2024,4,,,,,,進料物流/請款單,模擬資料,,,,,,上游運輸(供應商→工廠),truck_7.5t,194.9,385.4,71.9,,,,,,,,,
2024,4,,,,,,進料物流/請款單,模擬資料,,,,,,上游運輸(供應商→工廠),truck_20t,85.6,385.8,86.0,,,,,,,,,
2024,4,,,,,,進料物流/請款單,模擬資料,,,,,,上游運輸(供應商→工廠),van,105.1,471.4,75.9,,,,,,,,,
2024,4,,,,,,進料物流/請款單,模擬資料,,,,,,上游運輸(供應商→工廠),van,75.7,735.0,60.8,,,,,,,,,
2024,4,,,,,,進料物流/請款單,模擬資料,,,,,,上游運輸(供應商→工廠),truck_7.5t,188.5,390.8,82.3,,,,,,,,,
2024,4,,,,,,進料物流/請款單,模擬資料,,,,,,上游運輸(供應商→工廠),van,152.8,678.3,79.2,,,,,,,,,
2024,4,,,,,,進料物流/請款單,模擬資料,,,,,,上游運輸(供應商→工廠),van,145.1,430.3,70.5,,,,,,,,,
2024,5,,,,,,進料物流/請款單,模擬資料,,,,,,上游運輸(供應商→工廠),truck_20t,187.6,328.5,87.7,,,,,,,,,
2024,5,,,,,,進料物流/請款單,模擬資料,,,,,,上游運輸(供應商→工廠),truck_7.5t,99.7,522.8,62.7,,,,,,,,,
2024,5,,,,,,進料物流/請款單,模擬資料,,,,,,上游運輸(供應商→工廠),truck_7.5t,295.4,370.5,62.2,,,,,,,,,
2024,5,,,,,,進料物流/請款單,模擬資料,,,,,,上游運輸(供應商→工廠),truck_20t,148.2,337.1,83.2,,,,,,,,,
2024,5,,,,,,進料物流/請款單,模擬資料,,,,,,上游運輸(供應商→工廠),truck_7.5t,178.2,439.1,75.7,,,,,,,,,
2024,5,,,,,,進料物流/請款單,模擬資料,,,,,,上游運輸(供應商→工廠),truck_20t,234.9,388.0,74.0,,,,,,,,,
2024,5,,,,,,進料物流/請款單,模擬資料,,,,,,上游運輸(供應商→工廠),van,186.7,351.6,64.6,,,,,,,,,
2024,5,,,,,,進料物流/請款單,模擬資料,,,,,,上游運輸(供應商→工廠),truck_20t,101.3,510.8,80.6,,,,,,,,,
2024,5,,,,,,進料物流/請款單,模擬資料,,,,,,上游運輸(供應商→工廠),truck_7.5t,198.8,380.8,69.2,,,,,,,,,
2024,5,,,,,,進料物流/請款單,模擬資料,,,,,,上游運輸(供應商→工廠),truck_7.5t,142.9,357.1,68.9,,,,,,,,,
2024,5,,,,,,進料物流/請款單,模擬資料,,,,,,上游運輸(供應商→工廠),truck_7.5t,217.7,581.9,78.7,,,,,,,,,
2024,5,,,,,,進料物流/請款單,模擬資料,,,,,,上游運輸(供應商→工廠),truck_20t,184.2,326.3,80.8,,,,,,,,,
2024,5,,,,,,進料物流/請款單,模擬資料,,,,,,上游運輸(供應商→工廠),truck_7.5t,116.6,374.4,73.4,,,,,,,,,
2024,5,,,,,,進料物流/請款單,模擬資料,,,,,,上游運輸(供應商→工廠),truck_7.5t,230.5,304.0,73.2,,,,,,,,,
2024,5,,,,,,進料物流/請款單,模擬資料,,,,,,上游運輸(供應商→工廠),truck_20t,184.3,395.8,74.2,,,,,,,,,
2024,5,,,,,,進料物流/請款單,模擬資料,,,,,,上游運輸(供應商→工廠),truck_7.5t,197.8,584.3,74.8,,,,,,,,,
2024,5,,,,,,進料物流/請款單,模擬資料,,,,,,上游運輸(供應商→工廠),truck_20t,267.7,315.4,62.2,,,,,,,,,
2024,5,,,,,,進料物流/請款單,模擬資料,,,,,,上游運輸(供應商→工廠),truck_7.5t,121.0,157.6,74.8,,,,,,,,,
2024,5,,,,,,進料物流/請款單,模擬資料,,,,,,上游運輸(供應商→工廠),truck_20t,84.5,583.1,65.4,,,,,,,,,
2024,5,,,,,,進料物流/請款單,模擬資料,,,,,,上游運輸(供應商→工廠),van,179.5,251.0,73.0,,,,,,,,,
2024,5,,,,,,進料物流/請款單,模擬資料,,,,,,上游運輸(供應商→工廠),truck_7.5t,160.5,227.7,77.1,,,,,,,,,
2024,5,,,,,,進料物流/請款單,模擬資料,,,,,,上游運輸(供應商→工廠),truck_7.5t,153.4,382.4,78.8,,,,,,,,,
2024,5,,,,,,進料物流/請款單,模擬資料,,,,,,上游運輸(供應商→工廠),van,155.4,413.5,82.8,,,,,,,,,
2024,5,,,,,,進料物流/請款單,模擬資料,,,,,,上游運輸(供應商→工廠),van,180.0,507.2,82.7,,,,,,,,,
2024,5,,,,,,進料物流/請款單,模擬資料,,,,,,上游運輸(供應商→工廠),truck_7.5t,61.6,215.7,68.6,,,,,,,,,
2024,5,,,,,,進料物流/請款單,模擬資料,,,,,,上游運輸(供應商→工廠),truck_7.5t,152.3,470.4,89.8,,,,,,,,,
2024,5,,,,,,進料物流/請款單,模擬資料,,,,,,上游運輸(供應商→工廠),van,164.4,508.1,85.8,,,,,,,,,
2024,5,,,,,,進料物流/請款單,模擬資料,,,,,,上游運輸(供應商→工廠),truck_7.5t,218.7,596.6,85.0,,,,,,,,,
2024,5,,,,,,進料物流/請款單,模擬資料,,,,,,上游運輸(供應商→工廠),truck_7.5t,273.5,553.3,89.6,,,,,,,,,
2024,5,,,,,,進料物流/請款單,模擬資料,,,,,,上游運輸(供應商→工廠),truck_20t,183.4,539.7,69.6,,,,,,,,,
2024,5,,,,,,進料物流/請款單,模擬資料,,,,,,上游運輸(供應商→工廠),truck_20t,185.3,519.4,79.1,,,,,,,,,
2024,5,,,,,,進料物流/請款單,模擬資料,,,,,,上游運輸(供應商→工廠),truck_20t,126.0,627.4,69.9,,,,,,,,,
2024,5,,,,,,進料物流/請款單,模擬資料,,,,,,上游運輸(供應商→工廠),truck_7.5t,90.2,555.5,73.4,,,,,,,,,
2024,5,,,,,,進料物流/請款單,模擬資料,,,,,,上游運輸(供應商→工廠),truck_7.5t,112.9,453.9,60.6,,,,,,,,,
2024,5,,,,,,進料物流/請款單,模擬資料,,,,,,上游運輸(供應商→工廠),truck_7.5t,193.9,373.0,68.3,,,,,,,,,
2024,5,,,,,,進料物流/請款單,模擬資料,,,,,,上游運輸(供應商→工廠),truck_7.5t,138.5,507.0,60.7,,,,,,,,,
2024,5,,,,,,進料物流/請款單,模擬資料,,,,,,上游運輸(供應商→工廠),truck_20t,96.2,497.2,73.3,,,,,,,,,
2024,5,,,,,,進料物流/請款單,模擬資料,,,,,,上游運輸(供應商→工廠),truck_20t,241.4,619.5,86.8,,,,,,,,,
2024,5,,,,,,進料物流/請款單,模擬資料,,,,,,上游運輸(供應商→工廠),truck_20t,220.7,424.9,76.5,,,,,,,,,
2024,5,,,,,,進料物流/請款單,模擬資料,,,,,,上游運輸(供應商→工廠),truck_7.5t,146.3,554.6,81.7,,,,,,,,,
2024,5,,,,,,進料物流/請款單,模擬資料,,,,,,上游運輸(供應商→工廠),truck_20t,70.3,322.3,69.0,,,,,,,,,
2024,5,,,,,,進料物流/請款單,模擬資料,,,,,,上游運輸(供應商→工廠),truck_20t,82.4,621.0,61.4,,,,,,,,,
2024,5,,,,,,進料物流/請款單,模擬資料,,,,,,上游運輸(供應商→工廠),truck_7.5t,186.1,395.2,73.2,,,,,,,,,
2024,5,,,,,,進料物流/請款單,模擬資料,,,,,,上游運輸(供應商→工廠),truck_7.5t,192.0,322.4,84.3,,,,,,,,,
2024,5,,,,,,進料物流/請款單,模擬資料,,,,,,上游運輸(供應商→工廠),truck_20t,133.0,572.9,78.1,,,,,,,,,
2024,5,,,,,,進料物流/請款單,模擬資料,,,,,,上游運輸(供應商→工廠),truck_7.5t,145.1,418.0,73.6,,,,,,,,,
2024,5,,,,,,進料物流/請款單,模擬資料,,,,,,上游運輸(供應商→工廠),truck_20t,115.5,396.0,87.8,,,,,,,,,
2024,5,,,,,,進料物流/請款單,模擬資料,,,,,,上游運輸(供應商→工廠),truck_7.5t,172.2,522.4,87.7,,,,,,,,,
2024,5,,,,,,進料物流/請款單,模擬資料,,,,,,上游運輸(供應商→工廠),van,188.8,453.9,89.1,,,,,,,,,
2024,5,,,,,,進料物流/請款單,模擬資料,,,,,,上游運輸(供應商→工廠),truck_20t,210.6,356.3,62.3,,,,,,,,,
2024,5,,,,,,進料物流/請款單,模擬資料,,,,,,上游運輸(供應商→工廠),truck_7.5t,20.0,592.8,72.5,,,,,,,,,
2024,5,,,,,,進料物流/請款單,模擬資料,,,,,,上游運輸(供應商→工廠),truck_20t,92.0,411.9,62.3,,,,,,,,,
2024,5,,,,,,進料物流/請款單,模擬資料,,,,,,上游運輸(供應商→工廠),truck_20t,247.7,219.4,75.3,,,,,,,,,
2024,5,,,,,,進料物流/請款單,模擬資料,,,,,,上游運輸(供應商→工廠),van,119.0,380.0,71.1,,,,,,,,,
2024,5,,,,,,進料物流/請款單,模擬資料,,,,,,上游運輸(供應商→工廠),truck_20t,155.8,243.7,88.3,,,,,,,,,
2024,5,,,,,,進料物流/請款單,模擬資料,,,,,,上游運輸(供應商→工廠),truck_7.5t,276.3,288.0,71.3,,,,,,,,,
2024,5,,,,,,進料物流/請款單,模擬資料,,,,,,上游運輸(供應商→工廠),truck_20t,131.9,368.7,87.8,,,,,,,,,
2024,5,,,,,,進料物流/請款單,模擬資料,,,,,,上游運輸(供應商→工廠),van,49.2,302.7,64.5,,,,,,,,,
2024,5,,,,,,進料物流/請款單,模擬資料,,,,,,上游運輸(供應商→工廠),truck_7.5t,125.5,359.7,62.1,,,,,,,,,
2024,5,,,,,,進料物流/請款單,模擬資料,,,,,,上游運輸(供應商→工廠),truck_20t,194.7,456.8,70.1,,,,,,,,,
2024,5,,,,,,進料物流/請款單,模擬資料,,,,,,上游運輸(供應商→工廠),truck_20t,118.5,475.8,73.4,,,,,,,,,
2024,5,,,,,,進料物流/請款單,模擬資料,,,,,,上游運輸(供應商→工廠),truck_7.5t,144.8,415.6,86.6,,,,,,,,,
2024,5,,,,,,進料物流/請款單,模擬資料,,,,,,上游運輸(供應商→工廠),truck_20t,165.8,417.5,80.6,,,,,,,,,
2024,5,,,,,,進料物流/請款單,模擬資料,,,,,,上游運輸(供應商→工廠),truck_20t,174.7,478.6,73.2,,,,,,,,,
2024,5,,,,,,進料物流/請款單,模擬資料,,,,,,上游運輸(供應商→工廠),truck_7.5t,161.6,421.7,61.0,,,,,,,,,
2024,5,,,,,,進料物流/請款單,模擬資料,,,,,,上游運輸(供應商→工廠),truck_20t,226.2,289.2,63.3,,,,,,,,,
2024,5,,,,,,進料物流/請款單,模擬資料,,,,,,上游運輸(供應商→工廠),van,209.3,639.0,71.8,,,,,,,,,
2024,5,,,,,,進料物流/請款單,模擬資料,,,,,,上游運輸(供應商→工廠),van,164.9,453.7,77.8,,,,,,,,,
2024,5,,,,,,進料物流/請款單,模擬資料,,,,,,上游運輸(供應商→工廠),truck_7.5t,134.0,473.8,72.6,,,,,,,,,
2024,5,,,,,,進料物流/請款單,模擬資料,,,,,,上游運輸(供應商→工廠),truck_20t,212.7,496.9,60.7,,,,,,,,,
2024,5,,,,,,進料物流/請款單,模擬資料,,,,,,上游運輸(供應商→工廠),truck_20t,203.5,460.5,83.6,,,,,,,,,
2024,6,,,,,,進料物流/請款單,模擬資料,,,,,,上游運輸(供應商→工廠),truck_7.5t,152.9,715.7,73.3,,,,,,,,,
2024,6,,,,,,進料物流/請款單,模擬資料,,,,,,上游運輸(供應商→工廠),truck_20t,95.7,480.2,89.6,,,,,,,,,
2024,6,,,,,,進料物流/請款單,模擬資料,,,,,,上游運輸(供應商→工廠),truck_20t,251.3,316.7,69.7,,,,,,,,,
2024,6,,,,,,進料物流/請款單,模擬資料,,,,,,上游運輸(供應商→工廠),van,219.5,663.3,63.9,,,,,,,,,
2024,6,,,,,,進料物流/請款單,模擬資料,,,,,,上游運輸(供應商→工廠),truck_7.5t,189.6,640.8,75.1,,,,,,,,,
2024,6,,,,,,進料物流/請款單,模擬資料,,,,,,上游運輸(供應商→工廠),truck_7.5t,208.6,519.8,75.1,,,,,,,,,
2024,6,,,,,,進料物流/請款單,模擬資料,,,,,,上游運輸(供應商→工廠),truck_7.5t,175.8,465.6,85.8,,,,,,,,,
2024,6,,,,,,進料物流/請款單,模擬資料,,,,,,上游運輸(供應商→工廠),truck_7.5t,23.9,517.8,71.7,,,,,,,,,
2024,6,,,,,,進料物流/請款單,模擬資料,,,,,,上游運輸(供應商→工廠),van,150.4,607.0,69.0,,,,,,,,,
2024,6,,,,,,進料物流/請款單,模擬資料,,,,,,上游運輸(供應商→工廠),van,224.2,463.6,80.4,,,,,,,,,
2024,6,,,,,,進料物流/請款單,模擬資料,,,,,,上游運輸(供應商→工廠),truck_7.5t,197.7,330.8,70.7,,,,,,,,,
2024,6,,,,,,進料物流/請款單,模擬資料,,,,,,上游運輸(供應商→工廠),van,134.2,680.0,70.8,,,,,,,,,
2024,6,,,,,,進料物流/請款單,模擬資料,,,,,,上游運輸(供應商→工廠),van,209.9,529.3,87.0,,,,,,,,,
2024,6,,,,,,進料物流/請款單,模擬資料,,,,,,上游運輸(供應商→工廠),truck_20t,106.5,542.0,63.7,,,,,,,,,
2024,6,,,,,,進料物流/請款單,模擬資料,,,,,,上游運輸(供應商→工廠),truck_7.5t,215.0,494.0,88.1,,,,,,,,,
2024,6,,,,,,進料物流/請款單,模擬資料,,,,,,上游運輸(供應商→工廠),truck_20t,114.4,377.7,89.8,,,,,,,,,
2024,6,,,,,,進料物流/請款單,模擬資料,,,,,,上游運輸(供應商→工廠),truck_20t,202.8,482.7,76.0,,,,,,,,,
2024,6,,,,,,進料物流/請款單,模擬資料,,,,,,上游運輸(供應商→工廠),truck_20t,178.1,565.7,87.8,,,,,,,,,
2024,6,,,,,,進料物流/請款單,模擬資料,,,,,,上游運輸(供應商→工廠),truck_7.5t,95.6,408.9,67.2,,,,,,,,,
2024,6,,,,,,進料物流/請款單,模擬資料,,,,,,上游運輸(供應商→工廠),truck_7.5t,102.8,456.8,71.4,,,,,,,,,
2024,6,,,,,,進料物流/請款單,模擬資料,,,,,,上游運輸(供應商→工廠),truck_7.5t,125.1,191.3,62.7,,,,,,,,,
2024,6,,,,,,進料物流/請款單,模擬資料,,,,,,上游運輸(供應商→工廠),van,189.5,311.6,89.7,,,,,,,,,
2024,6,,,,,,進料物流/請款單,模擬資料,,,,,,上游運輸(供應商→工廠),van,151.9,438.6,69.4,,,,,,,,,
2024,6,,,,,,進料物流/請款單,模擬資料,,,,,,上游運輸(供應商→工廠),truck_20t,217.8,473.4,86.9,,,,,,,,,
2024,6,,,,,,進料物流/請款單,模擬資料,,,,,,上游運輸(供應商→工廠),truck_20t,227.1,461.4,69.3,,,,,,,,,
2024,6,,,,,,進料物流/請款單,模擬資料,,,,,,上游運輸(供應商→工廠),truck_20t,272.6,233.0,83.1,,,,,,,,,
2024,6,,,,,,進料物流/請款單,模擬資料,,,,,,上游運輸(供應商→工廠),van,226.3,364.3,83.1,,,,,,,,,
2024,6,,,,,,進料物流/請款單,模擬資料,,,,,,上游運輸(供應商→工廠),truck_20t,117.2,618.1,62.9,,,,,,,,,
2024,6,,,,,,進料物流/請款單,模擬資料,,,,,,上游運輸(供應商→工廠),van,209.8,496.9,73.4,,,,,,,,,
2024,6,,,,,,進料物流/請款單,模擬資料,,,,,,上游運輸(供應商→工廠),truck_7.5t,164.4,508.7,86.4,,,,,,,,,
2024,6,,,,,,進料物流/請款單,模擬資料,,,,,,上游運輸(供應商→工廠),van,226.4,475.8,69.8,,,,,,,,,
2024,6,,,,,,進料物流/請款單,模擬資料,,,,,,上游運輸(供應商→工廠),truck_20t,184.1,352.9,75.1,,,,,,,,,
2024,6,,,,,,進料物流/請款單,模擬資料,,,,,,上游運輸(供應商→工廠),truck_7.5t,148.6,714.8,72.4,,,,,,,,,
2024,6,,,,,,進料物流/請款單,模擬資料,,,,,,上游運輸(供應商→工廠),truck_7.5t,320.3,461.8,83.5,,,,,,,,,
2024,6,,,,,,進料物流/請款單,模擬資料,,,,,,上游運輸(供應商→工廠),truck_20t,158.9,354.1,75.8,,,,,,,,,
2024,6,,,,,,進料物流/請款單,模擬資料,,,,,,上游運輸(供應商→工廠),truck_7.5t,255.5,488.3,67.9,,,,,,,,,
2024,6,,,,,,進料物流/請款單,模擬資料,,,,,,上游運輸(供應商→工廠),truck_7.5t,203.7,774.5,81.6,,,,,,,,,
2024,6,,,,,,進料物流/請款單,模擬資料,,,,,,上游運輸(供應商→工廠),truck_7.5t,236.2,336.9,62.0,,,,,,,,,
2024,6,,,,,,進料物流/請款單,模擬資料,,,,,,上游運輸(供應商→工廠),truck_20t,223.9,442.4,63.6,,,,,,,,,
2024,6,,,,,,進料物流/請款單,模擬資料,,,,,,上游運輸(供應商→工廠),truck_7.5t,216.1,476.9,69.7,,,,,,,,,
2024,6,,,,,,進料物流/請款單,模擬資料,,,,,,上游運輸(供應商→工廠),truck_7.5t,135.4,531.3,64.7,,,,,,,,,
2024,6,,,,,,進料物流/請款單,模擬資料,,,,,,上游運輸(供應商→工廠),truck_20t,218.0,606.1,87.7,,,,,,,,,
2024,6,,,,,,進料物流/請款單,模擬資料,,,,,,上游運輸(供應商→工廠),van,77.4,787.5,88.4,,,,,,,,,
2024,6,,,,,,進料物流/請款單,模擬資料,,,,,,上游運輸(供應商→工廠),truck_20t,115.3,347.9,72.5,,,,,,,,,
2024,6,,,,,,進料物流/請款單,模擬資料,,,,,,上游運輸(供應商→工廠),truck_20t,183.1,490.2,81.2,,,,,,,,,
2024,6,,,,,,進料物流/請款單,模擬資料,,,,,,上游運輸(供應商→工廠),truck_7.5t,157.6,522.4,70.2,,,,,,,,,
2024,6,,,,,,進料物流/請款單,模擬資料,,,,,,上游運輸(供應商→工廠),truck_20t,119.9,226.5,82.5,,,,,,,,,
2024,6,,,,,,進料物流/請款單,模擬資料,,,,,,上游運輸(供應商→工廠),van,151.9,435.4,71.1,,,,,,,,,
2024,6,,,,,,進料物流/請款單,模擬資料,,,,,,上游運輸(供應商→工廠),truck_20t,124.1,537.1,71.1,,,,,,,,,
2024,6,,,,,,進料物流/請款單,模擬資料,,,,,,上游運輸(供應商→工廠),truck_20t,68.6,470.8,67.9,,,,,,,,,
2024,6,,,,,,進料物流/請款單,模擬資料,,,,,,上游運輸(供應商→工廠),truck_7.5t,131.2,424.2,76.0,,,,,,,,,
2024,6,,,,,,進料物流/請款單,模擬資料,,,,,,上游運輸(供應商→工廠),truck_7.5t,216.3,460.9,89.0,,,,,,,,,
2024,6,,,,,,進料物流/請款單,模擬資料,,,,,,上游運輸(供應商→工廠),van,206.3,395.3,61.8,,,,,,,,,
2024,6,,,,,,進料物流/請款單,模擬資料,,,,,,上游運輸(供應商→工廠),truck_7.5t,238.8,544.8,73.8,,,,,,,,,
2024,6,,,,,,進料物流/請款單,模擬資料,,,,,,上游運輸(供應商→工廠),truck_20t,180.8,346.0,82.5,,,,,,,,,
2024,6,,,,,,進料物流/請款單,模擬資料,,,,,,上游運輸(供應商→工廠),truck_7.5t,90.9,372.1,78.9,,,,,,,,,
2024,6,,,,,,進料物流/請款單,模擬資料,,,,,,上游運輸(供應商→工廠),truck_20t,132.4,460.3,86.1,,,,,,,,,
2024,6,,,,,,進料物流/請款單,模擬資料,,,,,,上游運輸(供應商→工廠),truck_20t,214.8,468.1,85.8,,,,,,,,,
2024,6,,,,,,進料物流/請款單,模擬資料,,,,,,上游運輸(供應商→工廠),truck_20t,115.3,508.2,70.2,,,,,,,,,
2024,6,,,,,,進料物流/請款單,模擬資料,,,,,,上游運輸(供應商→工廠),truck_7.5t,117.4,339.2,86.6,,,,,,,,,
2024,6,,,,,,進料物流/請款單,模擬資料,,,,,,上游運輸(供應商→工廠),truck_7.5t,161.7,341.7,89.2,,,,,,,,,
2024,6,,,,,,進料物流/請款單,模擬資料,,,,,,上游運輸(供應商→工廠),truck_20t,236.6,282.8,69.0,,,,,,,,,
2024,6,,,,,,進料物流/請款單,模擬資料,,,,,,上游運輸(供應商→工廠),truck_7.5t,135.3,260.1,60.1,,,,,,,,,
2024,6,,,,,,進料物流/請款單,模擬資料,,,,,,上游運輸(供應商→工廠),truck_20t,174.9,325.6,74.1,,,,,,,,,
2024,6,,,,,,進料物流/請款單,模擬資料,,,,,,上游運輸(供應商→工廠),truck_7.5t,109.1,574.1,75.7,,,,,,,,,
2024,6,,,,,,進料物流/請款單,模擬資料,,,,,,上游運輸(供應商→工廠),truck_7.5t,213.1,580.2,89.9,,,,,,,,,
2024,6,,,,,,進料物流/請款單,模擬資料,,,,,,上游運輸(供應商→工廠),van,168.3,466.6,70.6,,,,,,,,,
2024,6,,,,,,進料物流/請款單,模擬資料,,,,,,上游運輸(供應商→工廠),truck_20t,167.1,523.0,74.9,,,,,,,,,
2024,6,,,,,,進料物流/請款單,模擬資料,,,,,,上游運輸(供應商→工廠),truck_20t,114.6,500.0,72.1,,,,,,,,,
2024,6,,,,,,進料物流/請款單,模擬資料,,,,,,上游運輸(供應商→工廠),van,20.0,465.2,66.3,,,,,,,,,
2024,6,,,,,,進料物流/請款單,模擬資料,,,,,,上游運輸(供應商→工廠),van,61.0,384.4,77.4,,,,,,,,,
2024,6,,,,,,進料物流/請款單,模擬資料,,,,,,上游運輸(供應商→工廠),truck_7.5t,196.6,582.6,72.9,,,,,,,,,
2024,6,,,,,,進料物流/請款單,模擬資料,,,,,,上游運輸(供應商→工廠),truck_7.5t,316.6,533.7,77.0,,,,,,,,,
2024,6,,,,,,進料物流/請款單,模擬資料,,,,,,上游運輸(供應商→工廠),truck_7.5t,248.5,503.6,81.8,,,,,,,,,
2024,6,,,,,,進料物流/請款單,模擬資料,,,,,,上游運輸(供應商→工廠),truck_20t,235.7,589.8,85.9,,,,,,,,,
2024,6,,,,,,進料物流/請款單,模擬資料,,,,,,上游運輸(供應商→工廠),truck_7.5t,161.6,389.1,61.7,,,,,,,,,
2024,6,,,,,,進料物流/請款單,模擬資料,,,,,,上游運輸(供應商→工廠),truck_7.5t,153.9,118.5,72.8,,,,,,,,,
2024,6,,,,,,進料物流/請款單,模擬資料,,,,,,上游運輸(供應商→工廠),truck_7.5t,180.8,682.2,89.7,,,,,,,,,
2024,6,,,,,,進料物流/請款單,模擬資料,,,,,,上游運輸(供應商→工廠),truck_20t,196.8,549.2,74.3,,,,,,,,,
2024,6,,,,,,進料物流/請款單,模擬資料,,,,,,上游運輸(供應商→工廠),truck_7.5t,202.0,509.5,67.9,,,,,,,,,
2024,6,,,,,,進料物流/請款單,模擬資料,,,,,,上游運輸(供應商→工廠),truck_7.5t,163.8,718.1,73.9,,,,,,,,,
2024,6,,,,,,進料物流/請款單,模擬資料,,,,,,上游運輸(供應商→工廠),truck_7.5t,180.7,586.8,71.0,,,,,,,,,
2024,6,,,,,,進料物流/請款單,模擬資料,,,,,,上游運輸(供應商→工廠),truck_7.5t,268.2,183.7,64.0,,,,,,,,,
2024,6,,,,,,進料物流/請款單,模擬資料,,,,,,上游運輸(供應商→工廠),truck_7.5t,86.8,341.7,64.5,,,,,,,,,
2024,6,,,,,,進料物流/請款單,模擬資料,,,,,,上游運輸(供應商→工廠),truck_7.5t,185.1,391.0,89.6,,,,,,,,,
2024,6,,,,,,進料物流/請款單,模擬資料,,,,,,上游運輸(供應商→工廠),van,230.6,575.9,77.8,,,,,,,,,
2024,6,,,,,,進料物流/請款單,模擬資料,,,,,,上游運輸(供應商→工廠),truck_7.5t,168.7,203.4,77.9,,,,,,,,,
2024,6,,,,,,進料物流/請款單,模擬資料,,,,,,上游運輸(供應商→工廠),truck_20t,138.5,428.8,63.7,,,,,,,,,
2024,6,,,,,,進料物流/請款單,模擬資料,,,,,,上游運輸(供應商→工廠),van,217.3,528.2,82.6,,,,,,,,,
2024,6,,,,,,進料物流/請款單,模擬資料,,,,,,上游運輸(供應商→工廠),truck_20t,48.8,307.8,76.7,,,,,,,,,
2024,6,,,,,,進料物流/請款單,模擬資料,,,,,,上游運輸(供應商→工廠),truck_7.5t,274.3,595.1,80.5,,,,,,,,,
2024,6,,,,,,進料物流/請款單,模擬資料,,,,,,上游運輸(供應商→工廠),truck_7.5t,208.8,407.7,74.6,,,,,,,,,
2024,6,,,,,,進料物流/請款單,模擬資料,,,,,,上游運輸(供應商→工廠),truck_20t,156.7,584.3,62.0,,,,,,,,,
2024,6,,,,,,進料物流/請款單,模擬資料,,,,,,上游運輸(供應商→工廠),van,165.7,317.9,83.0,,,,,,,,,
2024,6,,,,,,進料物流/請款單,模擬資料,,,,,,上游運輸(供應商→工廠),truck_7.5t,33.6,407.4,62.1,,,,,,,,,
2024,6,,,,,,進料物流/請款單,模擬資料,,,,,,上游運輸(供應商→工廠),truck_7.5t,174.8,455.1,84.8,,,,,,,,,
2024,6,,,,,,進料物流/請款單,模擬資料,,,,,,上游運輸(供應商→工廠),truck_20t,149.0,266.1,80.9,,,,,,,,,
2024,7,,,,,,進料物流/請款單,模擬資料,,,,,,上游運輸(供應商→工廠),truck_7.5t,247.4,530.2,82.7,,,,,,,,,
2024,7,,,,,,進料物流/請款單,模擬資料,,,,,,上游運輸(供應商→工廠),truck_7.5t,80.4,534.7,76.2,,,,,,,,,
2024,7,,,,,,進料物流/請款單,模擬資料,,,,,,上游運輸(供應商→工廠),truck_7.5t,153.5,310.8,72.1,,,,,,,,,
2024,7,,,,,,進料物流/請款單,模擬資料,,,,,,上游運輸(供應商→工廠),truck_7.5t,153.2,520.6,81.6,,,,,,,,,
2024,7,,,,,,進料物流/請款單,模擬資料,,,,,,上游運輸(供應商→工廠),truck_7.5t,128.0,366.3,63.0,,,,,,,,,
2024,7,,,,,,進料物流/請款單,模擬資料,,,,,,上游運輸(供應商→工廠),van,37.7,407.4,80.4,,,,,,,,,
2024,7,,,,,,進料物流/請款單,模擬資料,,,,,,上游運輸(供應商→工廠),van,77.8,639.1,82.0,,,,,,,,,
2024,7,,,,,,進料物流/請款單,模擬資料,,,,,,上游運輸(供應商→工廠),truck_7.5t,135.3,612.8,70.2,,,,,,,,,
2024,7,,,,,,進料物流/請款單,模擬資料,,,,,,上游運輸(供應商→工廠),truck_20t,68.3,170.7,75.6,,,,,,,,,
2024,7,,,,,,進料物流/請款單,模擬資料,,,,,,上游運輸(供應商→工廠),truck_20t,186.1,397.7,65.8,,,,,,,,,
2024,7,,,,,,進料物流/請款單,模擬資料,,,,,,上游運輸(供應商→工廠),truck_7.5t,179.0,380.8,67.0,,,,,,,,,
2024,7,,,,,,進料物流/請款單,模擬資料,,,,,,上游運輸(供應商→工廠),truck_20t,118.9,573.3,71.5,,,,,,,,,
2024,7,,,,,,進料物流/請款單,模擬資料,,,,,,上游運輸(供應商→工廠),truck_20t,121.0,335.0,72.1,,,,,,,,,
2024,7,,,,,,進料物流/請款單,模擬資料,,,,,,上游運輸(供應商→工廠),van,184.2,434.4,75.7,,,,,,,,,
2024,7,,,,,,進料物流/請款單,模擬資料,,,,,,上游運輸(供應商→工廠),truck_7.5t,229.2,538.8,75.0,,,,,,,,,
2024,7,,,,,,進料物流/請款單,模擬資料,,,,,,上游運輸(供應商→工廠),truck_7.5t,226.1,395.0,84.9,,,,,,,,,
2024,7,,,,,,進料物流/請款單,模擬資料,,,,,,上游運輸(供應商→工廠),truck_7.5t,212.5,401.6,88.1,,,,,,,,,
2024,7,,,,,,進料物流/請款單,模擬資料,,,,,,上游運輸(供應商→工廠),truck_20t,239.8,460.8,72.6,,,,,,,,,
2024,7,,,,,,進料物流/請款單,模擬資料,,,,,,上游運輸(供應商→工廠),truck_20t,104.4,220.0,85.1,,,,,,,,,
2024,7,,,,,,進料物流/請款單,模擬資料,,,,,,上游運輸(供應商→工廠),truck_7.5t,137.8,307.3,66.5,,,,,,,,,
2024,7,,,,,,進料物流/請款單,模擬資料,,,,,,上游運輸(供應商→工廠),truck_7.5t,219.7,608.7,78.8,,,,,,,,,
2024,7,,,,,,進料物流/請款單,模擬資料,,,,,,上游運輸(供應商→工廠),truck_20t,199.7,398.0,87.1,,,,,,,,,
2024,7,,,,,,進料物流/請款單,模擬資料,,,,,,上游運輸(供應商→工廠),truck_7.5t,58.1,454.4,79.2,,,,,,,,,
2024,7,,,,,,進料物流/請款單,模擬資料,,,,,,上游運輸(供應商→工廠),truck_7.5t,289.0,416.4,77.6,,,,,,,,,
2024,7,,,,,,進料物流/請款單,模擬資料,,,,,,上游運輸(供應商→工廠),truck_20t,174.0,445.7,75.3,,,,,,,,,
2024,7,,,,,,進料物流/請款單,模擬資料,,,,,,上游運輸(供應商→工廠),truck_20t,262.7,551.8,67.5,,,,,,,,,
2024,7,,,,,,進料物流/請款單,模擬資料,,,,,,上游運輸(供應商→工廠),truck_7.5t,228.9,449.7,65.2,,,,,,,,,
2024,7,,,,,,進料物流/請款單,模擬資料,,,,,,上游運輸(供應商→工廠),van,245.4,358.6,75.0,,,,,,,,,
2024,7,,,,,,進料物流/請款單,模擬資料,,,,,,上游運輸(供應商→工廠),truck_20t,147.1,186.9,80.8,,,,,,,,,
2024,7,,,,,,進料物流/請款單,模擬資料,,,,,,上游運輸(供應商→工廠),truck_20t,240.5,479.9,60.9,,,,,,,,,
2024,7,,,,,,進料物流/請款單,模擬資料,,,,,,上游運輸(供應商→工廠),truck_20t,271.3,560.3,75.5,,,,,,,,,
2024,7,,,,,,進料物流/請款單,模擬資料,,,,,,上游運輸(供應商→工廠),truck_20t,143.9,413.1,63.0,,,,,,,,,
2024,7,,,,,,進料物流/請款單,模擬資料,,,,,,上游運輸(供應商→工廠),truck_7.5t,187.4,546.6,76.7,,,,,,,,,
2024,7,,,,,,進料物流/請款單,模擬資料,,,,,,上游運輸(供應商→工廠),truck_7.5t,213.3,622.3,78.6,,,,,,,,,
2024,7,,,,,,進料物流/請款單,模擬資料,,,,,,上游運輸(供應商→工廠),truck_20t,167.2,663.9,85.1,,,,,,,,,
2024,7,,,,,,進料物流/請款單,模擬資料,,,,,,上游運輸(供應商→工廠),truck_20t,175.8,531.9,73.4,,,,,,,,,
2024,7,,,,,,進料物流/請款單,模擬資料,,,,,,上游運輸(供應商→工廠),truck_20t,248.9,385.0,72.1,,,,,,,,,
2024,7,,,,,,進料物流/請款單,模擬資料,,,,,,上游運輸(供應商→工廠),truck_20t,169.5,467.5,63.7,,,,,,,,,
2024,7,,,,,,進料物流/請款單,模擬資料,,,,,,上游運輸(供應商→工廠),truck_20t,82.7,346.2,72.2,,,,,,,,,
2024,7,,,,,,進料物流/請款單,模擬資料,,,,,,上游運輸(供應商→工廠),truck_20t,204.5,507.6,80.0,,,,,,,,,
2024,7,,,,,,進料物流/請款單,模擬資料,,,,,,上游運輸(供應商→工廠),truck_20t,150.8,444.5,64.3,,,,,,,,,
2024,7,,,,,,進料物流/請款單,模擬資料,,,,,,上游運輸(供應商→工廠),truck_7.5t,210.0,241.8,70.5,,,,,,,,,
2024,7,,,,,,進料物流/請款單,模擬資料,,,,,,上游運輸(供應商→工廠),truck_7.5t,54.9,398.0,83.2,,,,,,,,,
2024,7,,,,,,進料物流/請款單,模擬資料,,,,,,上游運輸(供應商→工廠),van,230.4,198.1,85.8,,,,,,,,,
2024,7,,,,,,進料物流/請款單,模擬資料,,,,,,上游運輸(供應商→工廠),truck_7.5t,182.8,493.1,88.8,,,,,,,,,
2024,7,,,,,,進料物流/請款單,模擬資料,,,,,,上游運輸(供應商→工廠),truck_7.5t,123.5,586.0,72.7,,,,,,,,,
2024,7,,,,,,進料物流/請款單,模擬資料,,,,,,上游運輸(供應商→工廠),truck_7.5t,208.2,232.8,67.2,,,,,,,,,
2024,7,,,,,,進料物流/請款單,模擬資料,,,,,,上游運輸(供應商→工廠),truck_7.5t,191.0,626.8,78.9,,,,,,,,,
2024,7,,,,,,進料物流/請款單,模擬資料,,,,,,上游運輸(供應商→工廠),truck_20t,122.2,352.1,66.3,,,,,,,,,
2024,7,,,,,,進料物流/請款單,模擬資料,,,,,,上游運輸(供應商→工廠),van,238.1,331.1,82.8,,,,,,,,,
2024,7,,,,,,進料物流/請款單,模擬資料,,,,,,上游運輸(供應商→工廠),truck_20t,239.7,505.2,86.4,,,,,,,,,
2024,7,,,,,,進料物流/請款單,模擬資料,,,,,,上游運輸(供應商→工廠),truck_20t,217.5,487.1,85.4,,,,,,,,,
2024,7,,,,,,進料物流/請款單,模擬資料,,,,,,上游運輸(供應商→工廠),van,222.8,506.4,82.3,,,,,,,,,
2024,7,,,,,,進料物流/請款單,模擬資料,,,,,,上游運輸(供應商→工廠),truck_7.5t,197.2,598.5,77.0,,,,,,,,,
2024,7,,,,,,進料物流/請款單,模擬資料,,,,,,上游運輸(供應商→工廠),truck_20t,264.7,384.7,71.9,,,,,,,,,
2024,7,,,,,,進料物流/請款單,模擬資料,,,,,,上游運輸(供應商→工廠),truck_20t,126.2,591.5,84.2,,,,,,,,,
2024,7,,,,,,進料物流/請款單,模擬資料,,,,,,上游運輸(供應商→工廠),truck_20t,100.1,549.3,74.0,,,,,,,,,
2024,7,,,,,,進料物流/請款單,模擬資料,,,,,,上游運輸(供應商→工廠),van,156.5,377.6,74.2,,,,,,,,,
2024,7,,,,,,進料物流/請款單,模擬資料,,,,,,上游運輸(供應商→工廠),truck_7.5t,235.8,449.1,84.5,,,,,,,,,
2024,7,,,,,,進料物流/請款單,模擬資料,,,,,,上游運輸(供應商→工廠),truck_7.5t,139.0,367.9,85.6,,,,,,,,,
2024,7,,,,,,進料物流/請款單,模擬資料,,,,,,上游運輸(供應商→工廠),truck_7.5t,170.7,383.8,82.2,,,,,,,,,
2024,7,,,,,,進料物流/請款單,模擬資料,,,,,,上游運輸(供應商→工廠),truck_20t,177.5,352.0,75.3,,,,,,,,,
2024,7,,,,,,進料物流/請款單,模擬資料,,,,,,上游運輸(供應商→工廠),truck_20t,180.3,443.3,89.6,,,,,,,,,
2024,7,,,,,,進料物流/請款單,模擬資料,,,,,,上游運輸(供應商→工廠),truck_7.5t,252.4,532.5,61.0,,,,,,,,,
2024,7,,,,,,進料物流/請款單,模擬資料,,,,,,上游運輸(供應商→工廠),truck_7.5t,144.9,529.7,76.0,,,,,,,,,
2024,7,,,,,,進料物流/請款單,模擬資料,,,,,,上游運輸(供應商→工廠),truck_7.5t,122.6,333.7,74.1,,,,,,,,,
2024,7,,,,,,進料物流/請款單,模擬資料,,,,,,上游運輸(供應商→工廠),truck_20t,149.2,646.8,79.3,,,,,,,,,
2024,7,,,,,,進料物流/請款單,模擬資料,,,,,,上游運輸(供應商→工廠),truck_7.5t,66.1,323.1,85.8,,,,,,,,,
2024,7,,,,,,進料物流/請款單,模擬資料,,,,,,上游運輸(供應商→工廠),truck_20t,144.8,447.5,60.4,,,,,,,,,
2024,7,,,,,,進料物流/請款單,模擬資料,,,,,,上游運輸(供應商→工廠),truck_7.5t,207.0,428.4,70.7,,,,,,,,,
2024,7,,,,,,進料物流/請款單,模擬資料,,,,,,上游運輸(供應商→工廠),truck_20t,94.3,408.3,83.5,,,,,,,,,
2024,7,,,,,,進料物流/請款單,模擬資料,,,,,,上游運輸(供應商→工廠),van,163.7,402.1,60.1,,,,,,,,,
2024,7,,,,,,進料物流/請款單,模擬資料,,,,,,上游運輸(供應商→工廠),truck_20t,266.2,532.9,68.2,,,,,,,,,
2024,7,,,,,,進料物流/請款單,模擬資料,,,,,,上游運輸(供應商→工廠),truck_7.5t,201.9,421.2,81.2,,,,,,,,,
2024,7,,,,,,進料物流/請款單,模擬資料,,,,,,上游運輸(供應商→工廠),truck_7.5t,207.2,237.2,65.2,,,,,,,,,
2024,7,,,,,,進料物流/請款單,模擬資料,,,,,,上游運輸(供應商→工廠),truck_20t,138.6,569.5,66.2,,,,,,,,,
2024,7,,,,,,進料物流/請款單,模擬資料,,,,,,上游運輸(供應商→工廠),truck_20t,165.6,239.2,66.8,,,,,,,,,
2024,7,,,,,,進料物流/請款單,模擬資料,,,,,,上游運輸(供應商→工廠),truck_7.5t,118.1,296.5,86.5,,,,,,,,,
2024,7,,,,,,進料物流/請款單,模擬資料,,,,,,上游運輸(供應商→工廠),truck_7.5t,237.3,617.9,80.2,,,,,,,,,
2024,7,,,,,,進料物流/請款單,模擬資料,,,,,,上游運輸(供應商→工廠),truck_20t,128.3,497.2,63.0,,,,,,,,,
2024,7,,,,,,進料物流/請款單,模擬資料,,,,,,上游運輸(供應商→工廠),truck_7.5t,251.2,550.2,73.4,,,,,,,,,
2024,7,,,,,,進料物流/請款單,模擬資料,,,,,,上游運輸(供應商→工廠),van,20.0,498.0,64.9,,,,,,,,,
2024,7,,,,,,進料物流/請款單,模擬資料,,,,,,上游運輸(供應商→工廠),truck_20t,222.4,443.9,82.6,,,,,,,,,
2024,7,,,,,,進料物流/請款單,模擬資料,,,,,,上游運輸(供應商→工廠),truck_20t,184.1,433.0,67.8,,,,,,,,,
2024,7,,,,,,進料物流/請款單,模擬資料,,,,,,上游運輸(供應商→工廠),truck_20t,114.8,574.7,79.1,,,,,,,,,
2024,7,,,,,,進料物流/請款單,模擬資料,,,,,,上游運輸(供應商→工廠),van,190.8,241.8,80.6,,,,,,,,,
2024,8,,,,,,進料物流/請款單,模擬資料,,,,,,上游運輸(供應商→工廠),truck_20t,290.5,429.7,62.3,,,,,,,,,
2024,8,,,,,,進料物流/請款單,模擬資料,,,,,,上游運輸(供應商→工廠),truck_20t,283.6,293.8,77.4,,,,,,,,,
2024,8,,,,,,進料物流/請款單,模擬資料,,,,,,上游運輸(供應商→工廠),truck_20t,123.3,401.7,83.1,,,,,,,,,
2024,8,,,,,,進料物流/請款單,模擬資料,,,,,,上游運輸(供應商→工廠),van,128.8,617.0,77.9,,,,,,,,,
2024,8,,,,,,進料物流/請款單,模擬資料,,,,,,上游運輸(供應商→工廠),truck_7.5t,241.2,236.8,81.9,,,,,,,,,
2024,8,,,,,,進料物流/請款單,模擬資料,,,,,,上游運輸(供應商→工廠),truck_20t,170.0,393.6,86.2,,,,,,,,,
2024,8,,,,,,進料物流/請款單,模擬資料,,,,,,上游運輸(供應商→工廠),truck_20t,156.4,497.0,76.8,,,,,,,,,
2024,8,,,,,,進料物流/請款單,模擬資料,,,,,,上游運輸(供應商→工廠),truck_7.5t,108.1,579.5,87.7,,,,,,,,,
2024,8,,,,,,進料物流/請款單,模擬資料,,,,,,上游運輸(供應商→工廠),truck_20t,232.3,540.0,88.7,,,,,,,,,
2024,8,,,,,,進料物流/請款單,模擬資料,,,,,,上游運輸(供應商→工廠),truck_20t,233.3,386.0,66.6,,,,,,,,,
2024,8,,,,,,進料物流/請款單,模擬資料,,,,,,上游運輸(供應商→工廠),van,285.2,231.4,73.5,,,,,,,,,
2024,8,,,,,,進料物流/請款單,模擬資料,,,,,,上游運輸(供應商→工廠),truck_7.5t,214.6,566.1,79.3,,,,,,,,,
2024,8,,,,,,進料物流/請款單,模擬資料,,,,,,上游運輸(供應商→工廠),truck_7.5t,338.1,398.7,61.4,,,,,,,,,
2024,8,,,,,,進料物流/請款單,模擬資料,,,,,,上游運輸(供應商→工廠),truck_20t,119.3,505.9,67.4,,,,,,,,,
2024,8,,,,,,進料物流/請款單,模擬資料,,,,,,上游運輸(供應商→工廠),truck_7.5t,244.0,510.1,61.9,,,,,,,,,
2024,8,,,,,,進料物流/請款單,模擬資料,,,,,,上游運輸(供應商→工廠),truck_7.5t,176.6,451.3,72.9,,,,,,,,,
2024,8,,,,,,進料物流/請款單,模擬資料,,,,,,上游運輸(供應商→工廠),truck_20t,173.5,627.6,88.2,,,,,,,,,
2024,8,,,,,,進料物流/請款單,模擬資料,,,,,,上游運輸(供應商→工廠),truck_20t,220.5,582.0,72.4,,,,,,,,,
2024,8,,,,,,進料物流/請款單,模擬資料,,,,,,上游運輸(供應商→工廠),truck_20t,141.4,518.8,72.4,,,,,,,,,
2024,8,,,,,,進料物流/請款單,模擬資料,,,,,,上游運輸(供應商→工廠),van,121.1,554.9,87.9,,,,,,,,,
2024,8,,,,,,進料物流/請款單,模擬資料,,,,,,上游運輸(供應商→工廠),truck_20t,65.1,657.1,60.6,,,,,,,,,
2024,8,,,,,,進料物流/請款單,模擬資料,,,,,,上游運輸(供應商→工廠),truck_7.5t,141.9,381.6,68.2,,,,,,,,,
2024,8,,,,,,進料物流/請款單,模擬資料,,,,,,上游運輸(供應商→工廠),truck_20t,180.4,385.9,64.9,,,,,,,,,
2024,8,,,,,,進料物流/請款單,模擬資料,,,,,,上游運輸(供應商→工廠),truck_7.5t,225.2,543.6,76.5,,,,,,,,,
2024,8,,,,,,進料物流/請款單,模擬資料,,,,,,上游運輸(供應商→工廠),truck_7.5t,220.6,485.9,63.2,,,,,,,,,
2024,8,,,,,,進料物流/請款單,模擬資料,,,,,,上游運輸(供應商→工廠),truck_7.5t,290.5,436.0,78.5,,,,,,,,,
2024,8,,,,,,進料物流/請款單,模擬資料,,,,,,上游運輸(供應商→工廠),truck_7.5t,125.1,749.3,89.2,,,,,,,,,
2024,8,,,,,,進料物流/請款單,模擬資料,,,,,,上游運輸(供應商→工廠),truck_7.5t,209.6,330.5,71.5,,,,,,,,,
2024,8,,,,,,進料物流/請款單,模擬資料,,,,,,上游運輸(供應商→工廠),truck_20t,251.8,477.7,71.4,,,,,,,,,
2024,8,,,,,,進料物流/請款單,模擬資料,,,,,,上游運輸(供應商→工廠),truck_20t,214.8,581.5,87.7,,,,,,,,,
2024,8,,,,,,進料物流/請款單,模擬資料,,,,,,上游運輸(供應商→工廠),truck_7.5t,145.9,324.6,76.0,,,,,,,,,
2024,8,,,,,,進料物流/請款單,模擬資料,,,,,,上游運輸(供應商→工廠),truck_20t,170.7,567.1,67.3,,,,,,,,,
2024,8,,,,,,進料物流/請款單,模擬資料,,,,,,上游運輸(供應商→工廠),van,130.7,479.2,90.0,,,,,,,,,
2024,8,,,,,,進料物流/請款單,模擬資料,,,,,,上游運輸(供應商→工廠),van,159.6,465.1,61.8,,,,,,,,,
2024,8,,,,,,進料物流/請款單,模擬資料,,,,,,上游運輸(供應商→工廠),van,133.0,525.9,71.0,,,,,,,,,
2024,8,,,,,,進料物流/請款單,模擬資料,,,,,,上游運輸(供應商→工廠),truck_20t,210.6,299.1,76.9,,,,,,,,,
2024,8,,,,,,進料物流/請款單,模擬資料,,,,,,上游運輸(供應商→工廠),van,69.4,518.7,69.6,,,,,,,,,
2024,8,,,,,,進料物流/請款單,模擬資料,,,,,,上游運輸(供應商→工廠),van,187.0,222.6,89.6,,,,,,,,,
2024,8,,,,,,進料物流/請款單,模擬資料,,,,,,上游運輸(供應商→工廠),truck_7.5t,130.1,385.5,68.5,,,,,,,,,
2024,8,,,,,,進料物流/請款單,模擬資料,,,,,,上游運輸(供應商→工廠),truck_20t,225.1,557.3,88.7,,,,,,,,,
2024,8,,,,,,進料物流/請款單,模擬資料,,,,,,上游運輸(供應商→工廠),truck_7.5t,210.7,486.4,64.4,,,,,,,,,
2024,8,,,,,,進料物流/請款單,模擬資料,,,,,,上游運輸(供應商→工廠),truck_7.5t,130.9,410.1,64.7,,,,,,,,,
2024,8,,,,,,進料物流/請款單,模擬資料,,,,,,上游運輸(供應商→工廠),truck_20t,140.3,370.4,63.0,,,,,,,,,
2024,8,,,,,,進料物流/請款單,模擬資料,,,,,,上游運輸(供應商→工廠),truck_20t,128.2,459.4,69.6,,,,,,,,,
2024,8,,,,,,進料物流/請款單,模擬資料,,,,,,上游運輸(供應商→工廠),truck_7.5t,241.3,281.2,74.1,,,,,,,,,
2024,8,,,,,,進料物流/請款單,模擬資料,,,,,,上游運輸(供應商→工廠),truck_20t,248.6,454.9,75.2,,,,,,,,,
2024,8,,,,,,進料物流/請款單,模擬資料,,,,,,上游運輸(供應商→工廠),truck_20t,150.9,515.3,81.5,,,,,,,,,
2024,8,,,,,,進料物流/請款單,模擬資料,,,,,,上游運輸(供應商→工廠),truck_7.5t,201.4,181.8,63.0,,,,,,,,,
2024,8,,,,,,進料物流/請款單,模擬資料,,,,,,上游運輸(供應商→工廠),truck_20t,118.8,669.7,61.8,,,,,,,,,
2024,8,,,,,,進料物流/請款單,模擬資料,,,,,,上游運輸(供應商→工廠),truck_7.5t,103.6,476.9,83.7,,,,,,,,,
2024,8,,,,,,進料物流/請款單,模擬資料,,,,,,上游運輸(供應商→工廠),truck_20t,228.0,557.8,76.9,,,,,,,,,
2024,8,,,,,,進料物流/請款單,模擬資料,,,,,,上游運輸(供應商→工廠),truck_7.5t,135.2,412.6,89.4,,,,,,,,,
2024,8,,,,,,進料物流/請款單,模擬資料,,,,,,上游運輸(供應商→工廠),truck_7.5t,134.7,576.8,67.3,,,,,,,,,
2024,8,,,,,,進料物流/請款單,模擬資料,,,,,,上游運輸(供應商→工廠),truck_20t,155.9,620.6,77.7,,,,,,,,,
2024,8,,,,,,進料物流/請款單,模擬資料,,,,,,上游運輸(供應商→工廠),truck_7.5t,181.5,601.8,68.8,,,,,,,,,
2024,8,,,,,,進料物流/請款單,模擬資料,,,,,,上游運輸(供應商→工廠),truck_20t,276.0,477.3,68.4,,,,,,,,,
2024,8,,,,,,進料物流/請款單,模擬資料,,,,,,上游運輸(供應商→工廠),truck_20t,109.8,590.3,69.8,,,,,,,,,
2024,8,,,,,,進料物流/請款單,模擬資料,,,,,,上游運輸(供應商→工廠),truck_20t,29.0,410.6,74.2,,,,,,,,,
2024,8,,,,,,進料物流/請款單,模擬資料,,,,,,上游運輸(供應商→工廠),van,186.8,513.7,68.0,,,,,,,,,
2024,8,,,,,,進料物流/請款單,模擬資料,,,,,,上游運輸(供應商→工廠),truck_20t,178.4,297.7,83.7,,,,,,,,,
2024,8,,,,,,進料物流/請款單,模擬資料,,,,,,上游運輸(供應商→工廠),truck_7.5t,84.0,453.4,89.6,,,,,,,,,
2024,8,,,,,,進料物流/請款單,模擬資料,,,,,,上游運輸(供應商→工廠),truck_20t,178.1,693.8,65.5,,,,,,,,,
2024,8,,,,,,進料物流/請款單,模擬資料,,,,,,上游運輸(供應商→工廠),truck_7.5t,145.0,446.3,82.9,,,,,,,,,
2024,8,,,,,,進料物流/請款單,模擬資料,,,,,,上游運輸(供應商→工廠),truck_7.5t,172.5,355.9,87.6,,,,,,,,,
2024,8,,,,,,進料物流/請款單,模擬資料,,,,,,上游運輸(供應商→工廠),truck_20t,272.7,439.2,79.5,,,,,,,,,
2024,8,,,,,,進料物流/請款單,模擬資料,,,,,,上游運輸(供應商→工廠),truck_20t,153.2,291.4,64.5,,,,,,,,,
2024,8,,,,,,進料物流/請款單,模擬資料,,,,,,上游運輸(供應商→工廠),truck_20t,263.0,476.6,73.3,,,,,,,,,
2024,8,,,,,,進料物流/請款單,模擬資料,,,,,,上游運輸(供應商→工廠),truck_20t,323.4,442.9,73.4,,,,,,,,,
2024,8,,,,,,進料物流/請款單,模擬資料,,,,,,上游運輸(供應商→工廠),van,319.9,304.8,73.5,,,,,,,,,
2024,8,,,,,,進料物流/請款單,模擬資料,,,,,,上游運輸(供應商→工廠),truck_20t,221.3,599.9,81.7,,,,,,,,,
2024,8,,,,,,進料物流/請款單,模擬資料,,,,,,上游運輸(供應商→工廠),truck_20t,152.2,418.2,78.3,,,,,,,,,
2024,8,,,,,,進料物流/請款單,模擬資料,,,,,,上游運輸(供應商→工廠),truck_20t,224.4,417.6,63.4,,,,,,,,,
2024,8,,,,,,進料物流/請款單,模擬資料,,,,,,上游運輸(供應商→工廠),truck_7.5t,187.1,399.5,69.5,,,,,,,,,
2024,8,,,,,,進料物流/請款單,模擬資料,,,,,,上游運輸(供應商→工廠),truck_20t,243.4,374.3,87.6,,,,,,,,,
2024,8,,,,,,進料物流/請款單,模擬資料,,,,,,上游運輸(供應商→工廠),truck_7.5t,57.3,386.2,88.9,,,,,,,,,
2024,8,,,,,,進料物流/請款單,模擬資料,,,,,,上游運輸(供應商→工廠),truck_20t,134.3,498.2,71.7,,,,,,,,,
2024,8,,,,,,進料物流/請款單,模擬資料,,,,,,上游運輸(供應商→工廠),van,224.1,384.6,65.9,,,,,,,,,
2024,8,,,,,,進料物流/請款單,模擬資料,,,,,,上游運輸(供應商→工廠),truck_20t,174.0,482.8,80.3,,,,,,,,,
2024,8,,,,,,進料物流/請款單,模擬資料,,,,,,上游運輸(供應商→工廠),van,245.5,492.9,88.1,,,,,,,,,
2024,8,,,,,,進料物流/請款單,模擬資料,,,,,,上游運輸(供應商→工廠),truck_20t,129.9,438.5,79.7,,,,,,,,,
2024,8,,,,,,進料物流/請款單,模擬資料,,,,,,上游運輸(供應商→工廠),van,126.6,435.7,80.2,,,,,,,,,
2024,8,,,,,,進料物流/請款單,模擬資料,,,,,,上游運輸(供應商→工廠),truck_7.5t,209.1,405.2,70.0,,,,,,,,,
2024,8,,,,,,進料物流/請款單,模擬資料,,,,,,上游運輸(供應商→工廠),truck_7.5t,239.8,620.8,65.8,,,,,,,,,
2024,8,,,,,,進料物流/請款單,模擬資料,,,,,,上游運輸(供應商→工廠),van,152.9,440.9,88.3,,,,,,,,,
2024,8,,,,,,進料物流/請款單,模擬資料,,,,,,上游運輸(供應商→工廠),truck_7.5t,139.7,393.1,61.3,,,,,,,,,
2024,8,,,,,,進料物流/請款單,模擬資料,,,,,,上游運輸(供應商→工廠),truck_7.5t,328.3,473.9,61.7,,,,,,,,,
2024,8,,,,,,進料物流/請款單,模擬資料,,,,,,上游運輸(供應商→工廠),truck_20t,195.4,450.5,65.2,,,,,,,,,
2024,8,,,,,,進料物流/請款單,模擬資料,,,,,,上游運輸(供應商→工廠),truck_7.5t,231.5,348.6,79.2,,,,,,,,,
2024,8,,,,,,進料物流/請款單,模擬資料,,,,,,上游運輸(供應商→工廠),truck_7.5t,256.1,542.5,65.5,,,,,,,,,
2024,8,,,,,,進料物流/請款單,模擬資料,,,,,,上游運輸(供應商→工廠),truck_7.5t,104.5,243.0,63.7,,,,,,,,,
2024,8,,,,,,進料物流/請款單,模擬資料,,,,,,上游運輸(供應商→工廠),van,193.8,316.9,61.7,,,,,,,,,
2024,8,,,,,,進料物流/請款單,模擬資料,,,,,,上游運輸(供應商→工廠),truck_7.5t,110.3,538.7,88.9,,,,,,,,,
2024,8,,,,,,進料物流/請款單,模擬資料,,,,,,上游運輸(供應商→工廠),truck_7.5t,254.3,566.3,80.7,,,,,,,,,
2024,8,,,,,,進料物流/請款單,模擬資料,,,,,,上游運輸(供應商→工廠),truck_7.5t,289.6,355.9,78.1,,,,,,,,,
2024,8,,,,,,進料物流/請款單,模擬資料,,,,,,上游運輸(供應商→工廠),van,300.8,371.2,89.5,,,,,,,,,
2024,8,,,,,,進料物流/請款單,模擬資料,,,,,,上游運輸(供應商→工廠),van,226.9,387.3,70.9,,,,,,,,,
2024,8,,,,,,進料物流/請款單,模擬資料,,,,,,上游運輸(供應商→工廠),truck_7.5t,225.5,455.4,67.7,,,,,,,,,
2024,9,,,,,,進料物流/請款單,模擬資料,,,,,,上游運輸(供應商→工廠),truck_20t,252.9,478.2,81.8,,,,,,,,,
2024,9,,,,,,進料物流/請款單,模擬資料,,,,,,上游運輸(供應商→工廠),truck_20t,224.9,484.5,65.9,,,,,,,,,
2024,9,,,,,,進料物流/請款單,模擬資料,,,,,,上游運輸(供應商→工廠),truck_20t,105.1,351.1,79.4,,,,,,,,,
2024,9,,,,,,進料物流/請款單,模擬資料,,,,,,上游運輸(供應商→工廠),van,212.8,532.5,64.6,,,,,,,,,
2024,9,,,,,,進料物流/請款單,模擬資料,,,,,,上游運輸(供應商→工廠),truck_7.5t,204.8,444.9,87.5,,,,,,,,,
2024,9,,,,,,進料物流/請款單,模擬資料,,,,,,上游運輸(供應商→工廠),truck_7.5t,139.8,530.2,60.1,,,,,,,,,
2024,9,,,,,,進料物流/請款單,模擬資料,,,,,,上游運輸(供應商→工廠),truck_20t,112.5,386.8,70.6,,,,,,,,,
2024,9,,,,,,進料物流/請款單,模擬資料,,,,,,上游運輸(供應商→工廠),truck_20t,298.3,514.5,64.4,,,,,,,,,
2024,9,,,,,,進料物流/請款單,模擬資料,,,,,,上游運輸(供應商→工廠),truck_20t,166.3,354.9,68.4,,,,,,,,,
2024,9,,,,,,進料物流/請款單,模擬資料,,,,,,上游運輸(供應商→工廠),truck_20t,230.1,494.7,82.8,,,,,,,,,
2024,9,,,,,,進料物流/請款單,模擬資料,,,,,,上游運輸(供應商→工廠),truck_20t,196.2,478.7,80.3,,,,,,,,,
2024,9,,,,,,進料物流/請款單,模擬資料,,,,,,上游運輸(供應商→工廠),truck_7.5t,143.5,433.9,73.2,,,,,,,,,
2024,9,,,,,,進料物流/請款單,模擬資料,,,,,,上游運輸(供應商→工廠),van,92.6,418.4,64.9,,,,,,,,,
2024,9,,,,,,進料物流/請款單,模擬資料,,,,,,上游運輸(供應商→工廠),truck_7.5t,213.3,515.6,70.7,,,,,,,,,
2024,9,,,,,,進料物流/請款單,模擬資料,,,,,,上游運輸(供應商→工廠),truck_7.5t,127.4,490.9,87.6,,,,,,,,,
2024,9,,,,,,進料物流/請款單,模擬資料,,,,,,上游運輸(供應商→工廠),truck_7.5t,243.9,307.4,70.4,,,,,,,,,
2024,9,,,,,,進料物流/請款單,模擬資料,,,,,,上游運輸(供應商→工廠),truck_7.5t,226.6,454.7,89.1,,,,,,,,,
2024,9,,,,,,進料物流/請款單,模擬資料,,,,,,上游運輸(供應商→工廠),truck_7.5t,217.6,471.3,61.1,,,,,,,,,
2024,9,,,,,,進料物流/請款單,模擬資料,,,,,,上游運輸(供應商→工廠),van,137.3,270.2,77.0,,,,,,,,,
2024,9,,,,,,進料物流/請款單,模擬資料,,,,,,上游運輸(供應商→工廠),truck_20t,121.1,285.8,62.2,,,,,,,,,
2024,9,,,,,,進料物流/請款單,模擬資料,,,,,,上游運輸(供應商→工廠),truck_20t,94.7,286.6,65.7,,,,,,,,,
2024,9,,,,,,進料物流/請款單,模擬資料,,,,,,上游運輸(供應商→工廠),truck_7.5t,173.1,308.3,88.8,,,,,,,,,
2024,9,,,,,,進料物流/請款單,模擬資料,,,,,,上游運輸(供應商→工廠),van,241.5,425.2,81.1,,,,,,,,,
2024,9,,,,,,進料物流/請款單,模擬資料,,,,,,上游運輸(供應商→工廠),truck_7.5t,161.6,589.6,69.7,,,,,,,,,
2024,9,,,,,,進料物流/請款單,模擬資料,,,,,,上游運輸(供應商→工廠),van,208.8,408.9,68.3,,,,,,,,,
2024,9,,,,,,進料物流/請款單,模擬資料,,,,,,上游運輸(供應商→工廠),van,182.5,384.2,78.9,,,,,,,,,
2024,9,,,,,,進料物流/請款單,模擬資料,,,,,,上游運輸(供應商→工廠),truck_20t,241.0,327.0,70.6,,,,,,,,,
2024,9,,,,,,進料物流/請款單,模擬資料,,,,,,上游運輸(供應商→工廠),truck_7.5t,314.0,595.0,74.6,,,,,,,,,
2024,9,,,,,,進料物流/請款單,模擬資料,,,,,,上游運輸(供應商→工廠),truck_7.5t,80.3,460.2,74.4,,,,,,,,,
2024,9,,,,,,進料物流/請款單,模擬資料,,,,,,上游運輸(供應商→工廠),truck_20t,125.1,379.0,67.7,,,,,,,,,
2024,9,,,,,,進料物流/請款單,模擬資料,,,,,,上游運輸(供應商→工廠),truck_20t,216.9,294.2,61.9,,,,,,,,,
2024,9,,,,,,進料物流/請款單,模擬資料,,,,,,上游運輸(供應商→工廠),truck_7.5t,115.5,631.2,88.0,,,,,,,,,
2024,9,,,,,,進料物流/請款單,模擬資料,,,,,,上游運輸(供應商→工廠),van,245.8,515.5,68.8,,,,,,,,,
2024,9,,,,,,進料物流/請款單,模擬資料,,,,,,上游運輸(供應商→工廠),truck_20t,246.8,311.8,62.6,,,,,,,,,
2024,9,,,,,,進料物流/請款單,模擬資料,,,,,,上游運輸(供應商→工廠),truck_20t,209.1,481.0,81.2,,,,,,,,,
2024,9,,,,,,進料物流/請款單,模擬資料,,,,,,上游運輸(供應商→工廠),truck_20t,232.3,288.0,72.2,,,,,,,,,
2024,9,,,,,,進料物流/請款單,模擬資料,,,,,,上游運輸(供應商→工廠),van,95.7,444.6,88.3,,,,,,,,,
2024,9,,,,,,進料物流/請款單,模擬資料,,,,,,上游運輸(供應商→工廠),truck_7.5t,141.2,491.0,71.0,,,,,,,,,
2024,9,,,,,,進料物流/請款單,模擬資料,,,,,,上游運輸(供應商→工廠),truck_7.5t,186.4,409.5,68.8,,,,,,,,,
2024,9,,,,,,進料物流/請款單,模擬資料,,,,,,上游運輸(供應商→工廠),truck_7.5t,150.6,643.4,64.7,,,,,,,,,
2024,9,,,,,,進料物流/請款單,模擬資料,,,,,,上游運輸(供應商→工廠),truck_7.5t,161.2,445.3,83.9,,,,,,,,,
2024,9,,,,,,進料物流/請款單,模擬資料,,,,,,上游運輸(供應商→工廠),van,169.4,410.9,61.0,,,,,,,,,
2024,9,,,,,,進料物流/請款單,模擬資料,,,,,,上游運輸(供應商→工廠),truck_20t,237.7,314.2,74.9,,,,,,,,,
2024,9,,,,,,進料物流/請款單,模擬資料,,,,,,上游運輸(供應商→工廠),truck_20t,284.6,402.0,80.3,,,,,,,,,
2024,9,,,,,,進料物流/請款單,模擬資料,,,,,,上游運輸(供應商→工廠),truck_20t,135.6,606.5,77.6,,,,,,,,,
2024,9,,,,,,進料物流/請款單,模擬資料,,,,,,上游運輸(供應商→工廠),truck_7.5t,155.6,578.8,80.8,,,,,,,,,
2024,9,,,,,,進料物流/請款單,模擬資料,,,,,,上游運輸(供應商→工廠),truck_7.5t,150.3,483.3,86.8,,,,,,,,,
2024,9,,,,,,進料物流/請款單,模擬資料,,,,,,上游運輸(供應商→工廠),van,206.5,524.4,75.2,,,,,,,,,
2024,9,,,,,,進料物流/請款單,模擬資料,,,,,,上游運輸(供應商→工廠),truck_20t,213.0,468.2,73.6,,,,,,,,,
2024,9,,,,,,進料物流/請款單,模擬資料,,,,,,上游運輸(供應商→工廠),truck_20t,365.3,567.1,87.7,,,,,,,,,
2024,9,,,,,,進料物流/請款單,模擬資料,,,,,,上游運輸(供應商→工廠),truck_20t,119.5,534.5,76.5,,,,,,,,,
2024,9,,,,,,進料物流/請款單,模擬資料,,,,,,上游運輸(供應商→工廠),truck_7.5t,169.5,527.7,64.1,,,,,,,,,
2024,9,,,,,,進料物流/請款單,模擬資料,,,,,,上游運輸(供應商→工廠),truck_20t,170.3,553.6,82.2,,,,,,,,,
2024,9,,,,,,進料物流/請款單,模擬資料,,,,,,上游運輸(供應商→工廠),truck_7.5t,83.6,542.9,80.8,,,,,,,,,
2024,9,,,,,,進料物流/請款單,模擬資料,,,,,,上游運輸(供應商→工廠),truck_20t,234.6,543.5,75.7,,,,,,,,,
2024,9,,,,,,進料物流/請款單,模擬資料,,,,,,上游運輸(供應商→工廠),truck_20t,139.6,457.7,75.5,,,,,,,,,
2024,9,,,,,,進料物流/請款單,模擬資料,,,,,,上游運輸(供應商→工廠),truck_7.5t,66.9,445.8,79.8,,,,,,,,,
2024,9,,,,,,進料物流/請款單,模擬資料,,,,,,上游運輸(供應商→工廠),truck_7.5t,165.2,416.2,69.0,,,,,,,,,
2024,9,,,,,,進料物流/請款單,模擬資料,,,,,,上游運輸(供應商→工廠),truck_20t,159.1,254.6,61.7,,,,,,,,,
2024,9,,,,,,進料物流/請款單,模擬資料,,,,,,上游運輸(供應商→工廠),truck_7.5t,91.9,543.9,79.8,,,,,,,,,
2024,9,,,,,,進料物流/請款單,模擬資料,,,,,,上游運輸(供應商→工廠),truck_7.5t,212.4,471.3,62.6,,,,,,,,,
2024,9,,,,,,進料物流/請款單,模擬資料,,,,,,上游運輸(供應商→工廠),truck_7.5t,229.5,500.4,76.9,,,,,,,,,
2024,9,,,,,,進料物流/請款單,模擬資料,,,,,,上游運輸(供應商→工廠),truck_7.5t,142.7,125.5,76.9,,,,,,,,,
2024,9,,,,,,進料物流/請款單,模擬資料,,,,,,上游運輸(供應商→工廠),truck_7.5t,176.6,469.9,77.9,,,,,,,,,
2024,9,,,,,,進料物流/請款單,模擬資料,,,,,,上游運輸(供應商→工廠),van,209.1,338.6,70.9,,,,,,,,,
2024,9,,,,,,進料物流/請款單,模擬資料,,,,,,上游運輸(供應商→工廠),truck_20t,198.2,416.0,82.7,,,,,,,,,
2024,9,,,,,,進料物流/請款單,模擬資料,,,,,,上游運輸(供應商→工廠),truck_20t,91.4,265.6,76.8,,,,,,,,,
2024,9,,,,,,進料物流/請款單,模擬資料,,,,,,上游運輸(供應商→工廠),truck_20t,217.5,377.0,83.5,,,,,,,,,
2024,9,,,,,,進料物流/請款單,模擬資料,,,,,,上游運輸(供應商→工廠),truck_20t,193.6,416.6,83.8,,,,,,,,,
2024,9,,,,,,進料物流/請款單,模擬資料,,,,,,上游運輸(供應商→工廠),truck_20t,175.6,369.7,68.6,,,,,,,,,
2024,9,,,,,,進料物流/請款單,模擬資料,,,,,,上游運輸(供應商→工廠),van,87.0,389.9,69.0,,,,,,,,,
2024,9,,,,,,進料物流/請款單,模擬資料,,,,,,上游運輸(供應商→工廠),truck_20t,132.3,242.8,73.4,,,,,,,,,
2024,10,,,,,,進料物流/請款單,模擬資料,,,,,,上游運輸(供應商→工廠),van,164.4,341.5,84.8,,,,,,,,,
2024,10,,,,,,進料物流/請款單,模擬資料,,,,,,上游運輸(供應商→工廠),van,229.5,497.9,73.3,,,,,,,,,
2024,10,,,,,,進料物流/請款單,模擬資料,,,,,,上游運輸(供應商→工廠),truck_20t,105.1,268.1,81.0,,,,,,,,,
2024,10,,,,,,進料物流/請款單,模擬資料,,,,,,上游運輸(供應商→工廠),van,280.3,406.0,66.3,,,,,,,,,
2024,10,,,,,,進料物流/請款單,模擬資料,,,,,,上游運輸(供應商→工廠),truck_20t,177.6,264.5,85.7,,,,,,,,,
2024,10,,,,,,進料物流/請款單,模擬資料,,,,,,上游運輸(供應商→工廠),truck_7.5t,158.5,465.5,81.5,,,,,,,,,
2024,10,,,,,,進料物流/請款單,模擬資料,,,,,,上游運輸(供應商→工廠),van,236.7,463.8,72.4,,,,,,,,,
2024,10,,,,,,進料物流/請款單,模擬資料,,,,,,上游運輸(供應商→工廠),truck_7.5t,173.1,451.0,81.5,,,,,,,,,
2024,10,,,,,,進料物流/請款單,模擬資料,,,,,,上游運輸(供應商→工廠),truck_7.5t,202.5,787.7,80.4,,,,,,,,,
2024,10,,,,,,進料物流/請款單,模擬資料,,,,,,上游運輸(供應商→工廠),truck_7.5t,227.6,675.3,89.6,,,,,,,,,
2024,10,,,,,,進料物流/請款單,模擬資料,,,,,,上游運輸(供應商→工廠),van,186.4,409.1,78.3,,,,,,,,,
2024,10,,,,,,進料物流/請款單,模擬資料,,,,,,上游運輸(供應商→工廠),truck_7.5t,186.0,371.8,75.6,,,,,,,,,
2024,10,,,,,,進料物流/請款單,模擬資料,,,,,,上游運輸(供應商→工廠),truck_20t,182.8,687.9,75.2,,,,,,,,,
2024,10,,,,,,進料物流/請款單,模擬資料,,,,,,上游運輸(供應商→工廠),truck_7.5t,160.3,582.7,85.1,,,,,,,,,
2024,10,,,,,,進料物流/請款單,模擬資料,,,,,,上游運輸(供應商→工廠),truck_20t,177.7,385.4,74.2,,,,,,,,,
2024,10,,,,,,進料物流/請款單,模擬資料,,,,,,上游運輸(供應商→工廠),truck_20t,223.3,682.9,66.8,,,,,,,,,
2024,10,,,,,,進料物流/請款單,模擬資料,,,,,,上游運輸(供應商→工廠),truck_7.5t,123.4,478.4,86.7,,,,,,,,,
2024,10,,,,,,進料物流/請款單,模擬資料,,,,,,上游運輸(供應商→工廠),truck_7.5t,95.2,462.2,69.9,,,,,,,,,
2024,10,,,,,,進料物流/請款單,模擬資料,,,,,,上游運輸(供應商→工廠),truck_20t,303.8,509.0,63.4,,,,,,,,,
2024,10,,,,,,進料物流/請款單,模擬資料,,,,,,上游運輸(供應商→工廠),van,236.2,620.5,70.3,,,,,,,,,
2024,10,,,,,,進料物流/請款單,模擬資料,,,,,,上游運輸(供應商→工廠),truck_7.5t,213.0,581.5,74.9,,,,,,,,,
2024,10,,,,,,進料物流/請款單,模擬資料,,,,,,上游運輸(供應商→工廠),truck_20t,166.6,193.5,81.3,,,,,,,,,
2024,10,,,,,,進料物流/請款單,模擬資料,,,,,,上游運輸(供應商→工廠),truck_20t,233.4,390.1,89.2,,,,,,,,,
2024,10,,,,,,進料物流/請款單,模擬資料,,,,,,上游運輸(供應商→工廠),van,244.9,554.9,85.1,,,,,,,,,
2024,10,,,,,,進料物流/請款單,模擬資料,,,,,,上游運輸(供應商→工廠),truck_7.5t,165.8,460.7,69.2,,,,,,,,,
2024,10,,,,,,進料物流/請款單,模擬資料,,,,,,上游運輸(供應商→工廠),truck_7.5t,194.5,416.2,84.6,,,,,,,,,
2024,10,,,,,,進料物流/請款單,模擬資料,,,,,,上游運輸(供應商→工廠),van,244.8,570.4,83.0,,,,,,,,,
2024,10,,,,,,進料物流/請款單,模擬資料,,,,,,上游運輸(供應商→工廠),truck_7.5t,259.3,420.8,87.5,,,,,,,,,
2024,10,,,,,,進料物流/請款單,模擬資料,,,,,,上游運輸(供應商→工廠),truck_7.5t,278.9,469.4,83.4,,,,,,,,,
2024,10,,,,,,進料物流/請款單,模擬資料,,,,,,上游運輸(供應商→工廠),truck_20t,117.8,515.5,84.2,,,,,,,,,
2024,10,,,,,,進料物流/請款單,模擬資料,,,,,,上游運輸(供應商→工廠),van,244.5,374.9,86.1,,,,,,,,,
2024,10,,,,,,進料物流/請款單,模擬資料,,,,,,上游運輸(供應商→工廠),truck_7.5t,161.7,492.8,68.6,,,,,,,,,
2024,10,,,,,,進料物流/請款單,模擬資料,,,,,,上游運輸(供應商→工廠),truck_7.5t,219.4,451.5,88.1,,,,,,,,,
2024,10,,,,,,進料物流/請款單,模擬資料,,,,,,上游運輸(供應商→工廠),truck_7.5t,84.9,412.5,66.0,,,,,,,,,
2024,10,,,,,,進料物流/請款單,模擬資料,,,,,,上游運輸(供應商→工廠),truck_20t,100.6,496.2,78.5,,,,,,,,,
2024,10,,,,,,進料物流/請款單,模擬資料,,,,,,上游運輸(供應商→工廠),truck_20t,168.8,637.3,71.0,,,,,,,,,
2024,10,,,,,,進料物流/請款單,模擬資料,,,,,,上游運輸(供應商→工廠),truck_20t,99.9,506.6,78.7,,,,,,,,,
2024,10,,,,,,進料物流/請款單,模擬資料,,,,,,上游運輸(供應商→工廠),van,131.1,553.6,80.1,,,,,,,,,
2024,10,,,,,,進料物流/請款單,模擬資料,,,,,,上游運輸(供應商→工廠),truck_20t,204.3,431.5,79.3,,,,,,,,,
2024,10,,,,,,進料物流/請款單,模擬資料,,,,,,上游運輸(供應商→工廠),van,242.9,642.7,78.0,,,,,,,,,
2024,10,,,,,,進料物流/請款單,模擬資料,,,,,,上游運輸(供應商→工廠),van,108.9,360.9,84.7,,,,,,,,,
2024,10,,,,,,進料物流/請款單,模擬資料,,,,,,上游運輸(供應商→工廠),truck_20t,164.8,561.2,68.3,,,,,,,,,
2024,10,,,,,,進料物流/請款單,模擬資料,,,,,,上游運輸(供應商→工廠),truck_7.5t,130.4,519.7,61.6,,,,,,,,,
2024,10,,,,,,進料物流/請款單,模擬資料,,,,,,上游運輸(供應商→工廠),truck_20t,169.8,299.3,67.4,,,,,,,,,
2024,10,,,,,,進料物流/請款單,模擬資料,,,,,,上游運輸(供應商→工廠),truck_7.5t,108.6,536.1,69.3,,,,,,,,,
2024,10,,,,,,進料物流/請款單,模擬資料,,,,,,上游運輸(供應商→工廠),truck_7.5t,227.1,537.1,64.8,,,,,,,,,
2024,10,,,,,,進料物流/請款單,模擬資料,,,,,,上游運輸(供應商→工廠),van,143.5,444.6,66.4,,,,,,,,,
2024,10,,,,,,進料物流/請款單,模擬資料,,,,,,上游運輸(供應商→工廠),van,213.5,472.3,67.2,,,,,,,,,
2024,10,,,,,,進料物流/請款單,模擬資料,,,,,,上游運輸(供應商→工廠),truck_7.5t,184.7,696.5,71.4,,,,,,,,,
2024,10,,,,,,進料物流/請款單,模擬資料,,,,,,上游運輸(供應商→工廠),truck_7.5t,118.6,693.9,68.9,,,,,,,,,
2024,10,,,,,,進料物流/請款單,模擬資料,,,,,,上游運輸(供應商→工廠),van,177.0,384.4,69.7,,,,,,,,,
2024,10,,,,,,進料物流/請款單,模擬資料,,,,,,上游運輸(供應商→工廠),van,157.4,503.8,82.1,,,,,,,,,
2024,10,,,,,,進料物流/請款單,模擬資料,,,,,,上游運輸(供應商→工廠),truck_20t,73.5,381.5,65.5,,,,,,,,,
2024,10,,,,,,進料物流/請款單,模擬資料,,,,,,上游運輸(供應商→工廠),truck_20t,96.6,740.1,78.5,,,,,,,,,
2024,10,,,,,,進料物流/請款單,模擬資料,,,,,,上游運輸(供應商→工廠),van,81.1,546.7,62.8,,,,,,,,,
2024,10,,,,,,進料物流/請款單,模擬資料,,,,,,上游運輸(供應商→工廠),truck_20t,218.7,445.3,69.0,,,,,,,,,
2024,10,,,,,,進料物流/請款單,模擬資料,,,,,,上游運輸(供應商→工廠),truck_7.5t,68.8,394.4,77.2,,,,,,,,,
2024,10,,,,,,進料物流/請款單,模擬資料,,,,,,上游運輸(供應商→工廠),truck_7.5t,200.9,365.8,69.9,,,,,,,,,
2024,10,,,,,,進料物流/請款單,模擬資料,,,,,,上游運輸(供應商→工廠),truck_7.5t,127.0,374.7,86.0,,,,,,,,,
2024,10,,,,,,進料物流/請款單,模擬資料,,,,,,上游運輸(供應商→工廠),truck_7.5t,182.8,692.7,85.6,,,,,,,,,
2024,10,,,,,,進料物流/請款單,模擬資料,,,,,,上游運輸(供應商→工廠),truck_7.5t,223.6,525.7,88.0,,,,,,,,,
2024,10,,,,,,進料物流/請款單,模擬資料,,,,,,上游運輸(供應商→工廠),truck_20t,169.7,434.7,85.5,,,,,,,,,
2024,10,,,,,,進料物流/請款單,模擬資料,,,,,,上游運輸(供應商→工廠),truck_20t,194.2,610.4,88.9,,,,,,,,,
2024,10,,,,,,進料物流/請款單,模擬資料,,,,,,上游運輸(供應商→工廠),truck_7.5t,174.6,649.8,88.1,,,,,,,,,
2024,10,,,,,,進料物流/請款單,模擬資料,,,,,,上游運輸(供應商→工廠),van,265.4,272.7,65.0,,,,,,,,,
2024,10,,,,,,進料物流/請款單,模擬資料,,,,,,上游運輸(供應商→工廠),truck_7.5t,265.8,456.2,83.9,,,,,,,,,
2024,10,,,,,,進料物流/請款單,模擬資料,,,,,,上游運輸(供應商→工廠),truck_20t,217.4,536.3,85.7,,,,,,,,,
2024,10,,,,,,進料物流/請款單,模擬資料,,,,,,上游運輸(供應商→工廠),van,125.6,679.9,67.5,,,,,,,,,
2024,10,,,,,,進料物流/請款單,模擬資料,,,,,,上游運輸(供應商→工廠),van,154.2,498.3,62.5,,,,,,,,,
2024,10,,,,,,進料物流/請款單,模擬資料,,,,,,上游運輸(供應商→工廠),van,180.6,260.2,73.9,,,,,,,,,
2024,10,,,,,,進料物流/請款單,模擬資料,,,,,,上游運輸(供應商→工廠),truck_20t,209.3,466.4,87.8,,,,,,,,,
2024,10,,,,,,進料物流/請款單,模擬資料,,,,,,上游運輸(供應商→工廠),truck_20t,98.3,218.1,62.7,,,,,,,,,
2024,10,,,,,,進料物流/請款單,模擬資料,,,,,,上游運輸(供應商→工廠),truck_20t,138.8,523.3,75.4,,,,,,,,,
2024,10,,,,,,進料物流/請款單,模擬資料,,,,,,上游運輸(供應商→工廠),truck_7.5t,188.2,517.4,88.2,,,,,,,,,
2024,10,,,,,,進料物流/請款單,模擬資料,,,,,,上游運輸(供應商→工廠),truck_20t,107.2,482.1,83.8,,,,,,,,,
2024,10,,,,,,進料物流/請款單,模擬資料,,,,,,上游運輸(供應商→工廠),truck_20t,223.1,612.0,82.7,,,,,,,,,
2024,10,,,,,,進料物流/請款單,模擬資料,,,,,,上游運輸(供應商→工廠),truck_20t,257.0,291.3,88.0,,,,,,,,,
2024,10,,,,,,進料物流/請款單,模擬資料,,,,,,上游運輸(供應商→工廠),truck_20t,116.3,430.1,88.8,,,,,,,,,
2024,10,,,,,,進料物流/請款單,模擬資料,,,,,,上游運輸(供應商→工廠),truck_20t,135.5,343.0,66.6,,,,,,,,,
2024,10,,,,,,進料物流/請款單,模擬資料,,,,,,上游運輸(供應商→工廠),truck_7.5t,169.3,422.1,76.9,,,,,,,,,
2024,11,,,,,,進料物流/請款單,模擬資料,,,,,,上游運輸(供應商→工廠),truck_20t,220.1,506.5,68.2,,,,,,,,,
2024,11,,,,,,進料物流/請款單,模擬資料,,,,,,上游運輸(供應商→工廠),van,128.4,356.2,65.3,,,,,,,,,
2024,11,,,,,,進料物流/請款單,模擬資料,,,,,,上游運輸(供應商→工廠),truck_20t,196.9,504.6,78.9,,,,,,,,,
2024,11,,,,,,進料物流/請款單,模擬資料,,,,,,上游運輸(供應商→工廠),van,234.7,562.2,64.1,,,,,,,,,
2024,11,,,,,,進料物流/請款單,模擬資料,,,,,,上游運輸(供應商→工廠),truck_20t,217.9,477.4,71.7,,,,,,,,,
2024,11,,,,,,進料物流/請款單,模擬資料,,,,,,上游運輸(供應商→工廠),truck_20t,222.1,361.7,85.2,,,,,,,,,
2024,11,,,,,,進料物流/請款單,模擬資料,,,,,,上游運輸(供應商→工廠),truck_20t,153.2,458.5,60.9,,,,,,,,,
2024,11,,,,,,進料物流/請款單,模擬資料,,,,,,上游運輸(供應商→工廠),van,151.6,369.2,69.8,,,,,,,,,
2024,11,,,,,,進料物流/請款單,模擬資料,,,,,,上游運輸(供應商→工廠),van,217.9,245.0,78.6,,,,,,,,,
2024,11,,,,,,進料物流/請款單,模擬資料,,,,,,上游運輸(供應商→工廠),truck_20t,234.0,250.0,73.2,,,,,,,,,
2024,11,,,,,,進料物流/請款單,模擬資料,,,,,,上游運輸(供應商→工廠),truck_7.5t,142.1,416.2,68.5,,,,,,,,,
2024,11,,,,,,進料物流/請款單,模擬資料,,,,,,上游運輸(供應商→工廠),truck_7.5t,150.2,422.7,78.2,,,,,,,,,
2024,11,,,,,,進料物流/請款單,模擬資料,,,,,,上游運輸(供應商→工廠),truck_7.5t,103.7,426.1,81.2,,,,,,,,,
2024,11,,,,,,進料物流/請款單,模擬資料,,,,,,上游運輸(供應商→工廠),van,225.6,396.7,68.3,,,,,,,,,
2024,11,,,,,,進料物流/請款單,模擬資料,,,,,,上游運輸(供應商→工廠),truck_7.5t,250.2,442.2,66.6,,,,,,,,,
2024,11,,,,,,進料物流/請款單,模擬資料,,,,,,上游運輸(供應商→工廠),truck_7.5t,225.0,561.3,62.4,,,,,,,,,
2024,11,,,,,,進料物流/請款單,模擬資料,,,,,,上游運輸(供應商→工廠),van,212.8,500.4,70.3,,,,,,,,,
2024,11,,,,,,進料物流/請款單,模擬資料,,,,,,上游運輸(供應商→工廠),van,207.6,341.2,67.7,,,,,,,,,
2024,11,,,,,,進料物流/請款單,模擬資料,,,,,,上游運輸(供應商→工廠),van,68.9,495.0,66.1,,,,,,,,,
2024,11,,,,,,進料物流/請款單,模擬資料,,,,,,上游運輸(供應商→工廠),truck_7.5t,107.1,669.0,72.4,,,,,,,,,
2024,11,,,,,,進料物流/請款單,模擬資料,,,,,,上游運輸(供應商→工廠),truck_20t,150.4,663.7,72.6,,,,,,,,,
2024,11,,,,,,進料物流/請款單,模擬資料,,,,,,上游運輸(供應商→工廠),truck_7.5t,223.3,405.0,73.9,,,,,,,,,
2024,11,,,,,,進料物流/請款單,模擬資料,,,,,,上游運輸(供應商→工廠),truck_20t,80.4,524.4,85.5,,,,,,,,,
2024,11,,,,,,進料物流/請款單,模擬資料,,,,,,上游運輸(供應商→工廠),truck_7.5t,160.9,444.0,79.9,,,,,,,,,
2024,11,,,,,,進料物流/請款單,模擬資料,,,,,,上游運輸(供應商→工廠),truck_20t,239.0,486.1,78.6,,,,,,,,,
2024,11,,,,,,進料物流/請款單,模擬資料,,,,,,上游運輸(供應商→工廠),truck_7.5t,174.1,469.1,65.8,,,,,,,,,
2024,11,,,,,,進料物流/請款單,模擬資料,,,,,,上游運輸(供應商→工廠),van,148.4,413.4,75.9,,,,,,,,,
2024,11,,,,,,進料物流/請款單,模擬資料,,,,,,上游運輸(供應商→工廠),truck_7.5t,136.1,399.1,86.4,,,,,,,,,
2024,11,,,,,,進料物流/請款單,模擬資料,,,,,,上游運輸(供應商→工廠),van,162.0,637.2,74.2,,,,,,,,,
2024,11,,,,,,進料物流/請款單,模擬資料,,,,,,上游運輸(供應商→工廠),truck_20t,167.4,442.3,69.1,,,,,,,,,
2024,11,,,,,,進料物流/請款單,模擬資料,,,,,,上游運輸(供應商→工廠),truck_20t,193.9,552.5,72.9,,,,,,,,,
2024,11,,,,,,進料物流/請款單,模擬資料,,,,,,上游運輸(供應商→工廠),truck_20t,308.6,333.9,87.7,,,,,,,,,
2024,11,,,,,,進料物流/請款單,模擬資料,,,,,,上游運輸(供應商→工廠),van,196.9,621.7,84.9,,,,,,,,,
2024,11,,,,,,進料物流/請款單,模擬資料,,,,,,上游運輸(供應商→工廠),truck_7.5t,169.8,411.8,77.6,,,,,,,,,
2024,11,,,,,,進料物流/請款單,模擬資料,,,,,,上游運輸(供應商→工廠),truck_7.5t,291.0,485.5,67.9,,,,,,,,,
2024,11,,,,,,進料物流/請款單,模擬資料,,,,,,上游運輸(供應商→工廠),truck_20t,344.4,438.7,62.8,,,,,,,,,
2024,11,,,,,,進料物流/請款單,模擬資料,,,,,,上游運輸(供應商→工廠),truck_20t,135.5,520.9,78.2,,,,,,,,,
2024,11,,,,,,進料物流/請款單,模擬資料,,,,,,上游運輸(供應商→工廠),truck_20t,67.7,461.0,62.7,,,,,,,,,
2024,11,,,,,,進料物流/請款單,模擬資料,,,,,,上游運輸(供應商→工廠),truck_20t,203.7,401.0,88.8,,,,,,,,,
2024,11,,,,,,進料物流/請款單,模擬資料,,,,,,上游運輸(供應商→工廠),truck_20t,278.6,307.9,77.8,,,,,,,,,
2024,11,,,,,,進料物流/請款單,模擬資料,,,,,,上游運輸(供應商→工廠),truck_7.5t,279.9,500.1,71.9,,,,,,,,,
2024,11,,,,,,進料物流/請款單,模擬資料,,,,,,上游運輸(供應商→工廠),truck_20t,118.4,452.1,68.2,,,,,,,,,
2024,11,,,,,,進料物流/請款單,模擬資料,,,,,,上游運輸(供應商→工廠),van,204.1,296.6,73.0,,,,,,,,,
2024,11,,,,,,進料物流/請款單,模擬資料,,,,,,上游運輸(供應商→工廠),truck_7.5t,197.8,293.8,75.7,,,,,,,,,
2024,11,,,,,,進料物流/請款單,模擬資料,,,,,,上游運輸(供應商→工廠),truck_20t,254.1,488.8,61.6,,,,,,,,,
2024,11,,,,,,進料物流/請款單,模擬資料,,,,,,上游運輸(供應商→工廠),truck_7.5t,155.2,332.3,62.6,,,,,,,,,
2024,11,,,,,,進料物流/請款單,模擬資料,,,,,,上游運輸(供應商→工廠),truck_20t,95.2,304.1,71.2,,,,,,,,,
2024,11,,,,,,進料物流/請款單,模擬資料,,,,,,上游運輸(供應商→工廠),van,84.1,525.3,89.7,,,,,,,,,
2024,11,,,,,,進料物流/請款單,模擬資料,,,,,,上游運輸(供應商→工廠),truck_7.5t,199.3,373.6,62.4,,,,,,,,,
2024,11,,,,,,進料物流/請款單,模擬資料,,,,,,上游運輸(供應商→工廠),truck_20t,166.1,267.3,62.9,,,,,,,,,
2024,11,,,,,,進料物流/請款單,模擬資料,,,,,,上游運輸(供應商→工廠),truck_20t,117.1,258.6,81.5,,,,,,,,,
2024,11,,,,,,進料物流/請款單,模擬資料,,,,,,上游運輸(供應商→工廠),truck_20t,325.3,612.3,76.2,,,,,,,,,
2024,11,,,,,,進料物流/請款單,模擬資料,,,,,,上游運輸(供應商→工廠),truck_7.5t,165.4,181.6,64.8,,,,,,,,,
2024,11,,,,,,進料物流/請款單,模擬資料,,,,,,上游運輸(供應商→工廠),van,203.7,476.6,87.9,,,,,,,,,
2024,11,,,,,,進料物流/請款單,模擬資料,,,,,,上游運輸(供應商→工廠),truck_7.5t,219.9,317.8,67.5,,,,,,,,,
2024,11,,,,,,進料物流/請款單,模擬資料,,,,,,上游運輸(供應商→工廠),van,94.7,544.8,66.7,,,,,,,,,
2024,11,,,,,,進料物流/請款單,模擬資料,,,,,,上游運輸(供應商→工廠),truck_20t,225.3,323.2,83.9,,,,,,,,,
2024,11,,,,,,進料物流/請款單,模擬資料,,,,,,上游運輸(供應商→工廠),truck_20t,192.5,497.6,74.4,,,,,,,,,
2024,11,,,,,,進料物流/請款單,模擬資料,,,,,,上游運輸(供應商→工廠),truck_7.5t,268.8,458.2,79.2,,,,,,,,,
2024,11,,,,,,進料物流/請款單,模擬資料,,,,,,上游運輸(供應商→工廠),truck_20t,222.2,349.5,85.4,,,,,,,,,
2024,11,,,,,,進料物流/請款單,模擬資料,,,,,,上游運輸(供應商→工廠),truck_20t,61.8,606.9,82.6,,,,,,,,,
2024,11,,,,,,進料物流/請款單,模擬資料,,,,,,上游運輸(供應商→工廠),truck_7.5t,323.0,362.8,67.8,,,,,,,,,
2024,11,,,,,,進料物流/請款單,模擬資料,,,,,,上游運輸(供應商→工廠),truck_20t,59.8,453.1,88.5,,,,,,,,,
2024,11,,,,,,進料物流/請款單,模擬資料,,,,,,上游運輸(供應商→工廠),van,130.3,374.5,84.8,,,,,,,,,
2024,11,,,,,,進料物流/請款單,模擬資料,,,,,,上游運輸(供應商→工廠),truck_7.5t,152.7,512.0,71.9,,,,,,,,,
2024,11,,,,,,進料物流/請款單,模擬資料,,,,,,上游運輸(供應商→工廠),van,117.3,330.6,64.8,,,,,,,,,
2024,11,,,,,,進料物流/請款單,模擬資料,,,,,,上游運輸(供應商→工廠),truck_20t,193.2,262.4,68.4,,,,,,,,,
2024,11,,,,,,進料物流/請款單,模擬資料,,,,,,上游運輸(供應商→工廠),van,197.8,369.8,71.8,,,,,,,,,
2024,11,,,,,,進料物流/請款單,模擬資料,,,,,,上游運輸(供應商→工廠),truck_20t,226.5,539.3,60.9,,,,,,,,,
2024,11,,,,,,進料物流/請款單,模擬資料,,,,,,上游運輸(供應商→工廠),truck_20t,97.9,407.1,64.7,,,,,,,,,
2024,11,,,,,,進料物流/請款單,模擬資料,,,,,,上游運輸(供應商→工廠),van,206.4,315.1,81.9,,,,,,,,,
2024,11,,,,,,進料物流/請款單,模擬資料,,,,,,上游運輸(供應商→工廠),van,118.0,484.0,76.2,,,,,,,,,
2024,11,,,,,,進料物流/請款單,模擬資料,,,,,,上游運輸(供應商→工廠),truck_7.5t,139.3,522.2,63.0,,,,,,,,,
2024,11,,,,,,進料物流/請款單,模擬資料,,,,,,上游運輸(供應商→工廠),truck_7.5t,104.8,372.0,66.6,,,,,,,,,
2024,11,,,,,,進料物流/請款單,模擬資料,,,,,,上游運輸(供應商→工廠),truck_7.5t,314.3,482.8,80.6,,,,,,,,,
2024,11,,,,,,進料物流/請款單,模擬資料,,,,,,上游運輸(供應商→工廠),truck_7.5t,208.2,411.8,76.8,,,,,,,,,
2024,11,,,,,,進料物流/請款單,模擬資料,,,,,,上游運輸(供應商→工廠),truck_20t,195.4,493.4,81.4,,,,,,,,,
2024,11,,,,,,進料物流/請款單,模擬資料,,,,,,上游運輸(供應商→工廠),truck_20t,173.2,470.5,69.6,,,,,,,,,
2024,11,,,,,,進料物流/請款單,模擬資料,,,,,,上游運輸(供應商→工廠),truck_20t,180.3,411.5,83.0,,,,,,,,,
2024,11,,,,,,進料物流/請款單,模擬資料,,,,,,上游運輸(供應商→工廠),truck_20t,87.5,287.2,69.5,,,,,,,,,
2024,11,,,,,,進料物流/請款單,模擬資料,,,,,,上游運輸(供應商→工廠),truck_20t,218.1,372.7,86.6,,,,,,,,,
2024,11,,,,,,進料物流/請款單,模擬資料,,,,,,上游運輸(供應商→工廠),truck_7.5t,152.3,303.1,75.6,,,,,,,,,
2024,11,,,,,,進料物流/請款單,模擬資料,,,,,,上游運輸(供應商→工廠),van,189.7,363.1,81.9,,,,,,,,,
2024,11,,,,,,進料物流/請款單,模擬資料,,,,,,上游運輸(供應商→工廠),truck_20t,169.6,366.8,75.3,,,,,,,,,
2024,11,,,,,,進料物流/請款單,模擬資料,,,,,,上游運輸(供應商→工廠),truck_7.5t,93.4,446.2,81.3,,,,,,,,,
2024,11,,,,,,進料物流/請款單,模擬資料,,,,,,上游運輸(供應商→工廠),truck_20t,146.0,430.2,61.0,,,,,,,,,
2024,11,,,,,,進料物流/請款單,模擬資料,,,,,,上游運輸(供應商→工廠),truck_7.5t,174.0,556.7,60.9,,,,,,,,,
2024,11,,,,,,進料物流/請款單,模擬資料,,,,,,上游運輸(供應商→工廠),van,202.5,518.7,67.5,,,,,,,,,
2024,12,,,,,,進料物流/請款單,模擬資料,,,,,,上游運輸(供應商→工廠),truck_7.5t,215.3,535.6,60.2,,,,,,,,,
2024,12,,,,,,進料物流/請款單,模擬資料,,,,,,上游運輸(供應商→工廠),van,140.9,577.6,66.2,,,,,,,,,
2024,12,,,,,,進料物流/請款單,模擬資料,,,,,,上游運輸(供應商→工廠),truck_7.5t,130.6,499.8,71.9,,,,,,,,,
2024,12,,,,,,進料物流/請款單,模擬資料,,,,,,上游運輸(供應商→工廠),truck_20t,166.8,184.2,72.1,,,,,,,,,
2024,12,,,,,,進料物流/請款單,模擬資料,,,,,,上游運輸(供應商→工廠),van,107.1,619.9,81.2,,,,,,,,,
2024,12,,,,,,進料物流/請款單,模擬資料,,,,,,上游運輸(供應商→工廠),truck_20t,156.3,392.3,76.7,,,,,,,,,
2024,12,,,,,,進料物流/請款單,模擬資料,,,,,,上游運輸(供應商→工廠),truck_7.5t,184.7,553.3,87.0,,,,,,,,,
2024,12,,,,,,進料物流/請款單,模擬資料,,,,,,上游運輸(供應商→工廠),truck_7.5t,130.9,447.6,74.5,,,,,,,,,
2024,12,,,,,,進料物流/請款單,模擬資料,,,,,,上游運輸(供應商→工廠),truck_20t,316.6,540.6,64.0,,,,,,,,,
2024,12,,,,,,進料物流/請款單,模擬資料,,,,,,上游運輸(供應商→工廠),truck_7.5t,213.1,307.8,81.7,,,,,,,,,
2024,12,,,,,,進料物流/請款單,模擬資料,,,,,,上游運輸(供應商→工廠),van,206.2,548.1,75.6,,,,,,,,,
2024,12,,,,,,進料物流/請款單,模擬資料,,,,,,上游運輸(供應商→工廠),truck_7.5t,133.3,470.5,63.1,,,,,,,,,
2024,12,,,,,,進料物流/請款單,模擬資料,,,,,,上游運輸(供應商→工廠),truck_7.5t,34.9,543.1,78.4,,,,,,,,,
2024,12,,,,,,進料物流/請款單,模擬資料,,,,,,上游運輸(供應商→工廠),truck_7.5t,213.5,453.6,61.8,,,,,,,,,
2024,12,,,,,,進料物流/請款單,模擬資料,,,,,,上游運輸(供應商→工廠),truck_20t,131.5,515.7,70.7,,,,,,,,,
2024,12,,,,,,進料物流/請款單,模擬資料,,,,,,上游運輸(供應商→工廠),truck_20t,137.6,567.0,65.6,,,,,,,,,
2024,12,,,,,,進料物流/請款單,模擬資料,,,,,,上游運輸(供應商→工廠),truck_20t,120.0,537.9,80.5,,,,,,,,,
2024,12,,,,,,進料物流/請款單,模擬資料,,,,,,上游運輸(供應商→工廠),truck_7.5t,240.6,439.4,64.6,,,,,,,,,
2024,12,,,,,,進料物流/請款單,模擬資料,,,,,,上游運輸(供應商→工廠),van,241.0,332.7,65.3,,,,,,,,,
2024,12,,,,,,進料物流/請款單,模擬資料,,,,,,上游運輸(供應商→工廠),van,116.8,441.4,61.0,,,,,,,,,
2024,12,,,,,,進料物流/請款單,模擬資料,,,,,,上游運輸(供應商→工廠),truck_7.5t,119.5,474.2,65.2,,,,,,,,,
2024,12,,,,,,進料物流/請款單,模擬資料,,,,,,上游運輸(供應商→工廠),truck_7.5t,197.1,864.5,83.5,,,,,,,,,
2024,12,,,,,,進料物流/請款單,模擬資料,,,,,,上游運輸(供應商→工廠),truck_7.5t,185.7,229.1,81.5,,,,,,,,,
2024,12,,,,,,進料物流/請款單,模擬資料,,,,,,上游運輸(供應商→工廠),truck_7.5t,156.2,242.0,65.9,,,,,,,,,
2024,12,,,,,,進料物流/請款單,模擬資料,,,,,,上游運輸(供應商→工廠),truck_7.5t,138.9,349.3,65.6,,,,,,,,,
2024,12,,,,,,進料物流/請款單,模擬資料,,,,,,上游運輸(供應商→工廠),truck_7.5t,243.1,610.6,60.9,,,,,,,,,
2024,12,,,,,,進料物流/請款單,模擬資料,,,,,,上游運輸(供應商→工廠),van,212.0,290.6,88.8,,,,,,,,,
2024,12,,,,,,進料物流/請款單,模擬資料,,,,,,上游運輸(供應商→工廠),truck_7.5t,111.7,486.5,80.6,,,,,,,,,
2024,12,,,,,,進料物流/請款單,模擬資料,,,,,,上游運輸(供應商→工廠),truck_20t,243.7,510.4,83.8,,,,,,,,,
2024,12,,,,,,進料物流/請款單,模擬資料,,,,,,上游運輸(供應商→工廠),truck_20t,115.7,360.5,66.3,,,,,,,,,
2024,12,,,,,,進料物流/請款單,模擬資料,,,,,,上游運輸(供應商→工廠),truck_7.5t,54.0,490.4,68.7,,,,,,,,,
2024,12,,,,,,進料物流/請款單,模擬資料,,,,,,上游運輸(供應商→工廠),truck_20t,95.0,459.5,78.5,,,,,,,,,
2024,12,,,,,,進料物流/請款單,模擬資料,,,,,,上游運輸(供應商→工廠),truck_20t,204.0,496.1,87.3,,,,,,,,,
2024,12,,,,,,進料物流/請款單,模擬資料,,,,,,上游運輸(供應商→工廠),van,240.2,704.6,62.5,,,,,,,,,
2024,12,,,,,,進料物流/請款單,模擬資料,,,,,,上游運輸(供應商→工廠),truck_7.5t,256.7,329.6,84.3,,,,,,,,,
2024,12,,,,,,進料物流/請款單,模擬資料,,,,,,上游運輸(供應商→工廠),truck_20t,57.5,253.3,76.0,,,,,,,,,
2024,12,,,,,,進料物流/請款單,模擬資料,,,,,,上游運輸(供應商→工廠),van,212.4,211.3,89.9,,,,,,,,,
2024,12,,,,,,進料物流/請款單,模擬資料,,,,,,上游運輸(供應商→工廠),truck_7.5t,180.5,419.1,76.6,,,,,,,,,
2024,12,,,,,,進料物流/請款單,模擬資料,,,,,,上游運輸(供應商→工廠),van,182.1,408.8,75.6,,,,,,,,,
2024,12,,,,,,進料物流/請款單,模擬資料,,,,,,上游運輸(供應商→工廠),truck_7.5t,172.8,434.0,78.6,,,,,,,,,
2024,12,,,,,,進料物流/請款單,模擬資料,,,,,,上游運輸(供應商→工廠),truck_20t,283.1,507.3,71.9,,,,,,,,,
2024,12,,,,,,進料物流/請款單,模擬資料,,,,,,上游運輸(供應商→工廠),truck_7.5t,376.3,515.1,61.8,,,,,,,,,
2024,12,,,,,,進料物流/請款單,模擬資料,,,,,,上游運輸(供應商→工廠),truck_20t,203.8,500.3,82.2,,,,,,,,,
2024,12,,,,,,進料物流/請款單,模擬資料,,,,,,上游運輸(供應商→工廠),truck_20t,249.7,558.6,88.2,,,,,,,,,
2024,12,,,,,,進料物流/請款單,模擬資料,,,,,,上游運輸(供應商→工廠),truck_20t,253.8,618.9,62.1,,,,,,,,,
2024,12,,,,,,進料物流/請款單,模擬資料,,,,,,上游運輸(供應商→工廠),van,175.3,477.1,84.3,,,,,,,,,
2024,12,,,,,,進料物流/請款單,模擬資料,,,,,,上游運輸(供應商→工廠),truck_20t,117.1,348.2,88.5,,,,,,,,,
2024,12,,,,,,進料物流/請款單,模擬資料,,,,,,上游運輸(供應商→工廠),truck_7.5t,192.9,446.8,85.0,,,,,,,,,
2024,12,,,,,,進料物流/請款單,模擬資料,,,,,,上游運輸(供應商→工廠),truck_7.5t,163.9,625.9,61.6,,,,,,,,,
2024,12,,,,,,進料物流/請款單,模擬資料,,,,,,上游運輸(供應商→工廠),truck_20t,132.6,229.6,69.4,,,,,,,,,
2024,12,,,,,,進料物流/請款單,模擬資料,,,,,,上游運輸(供應商→工廠),truck_7.5t,270.7,584.1,76.3,,,,,,,,,
2024,12,,,,,,進料物流/請款單,模擬資料,,,,,,上游運輸(供應商→工廠),van,152.0,584.3,74.3,,,,,,,,,
2024,12,,,,,,進料物流/請款單,模擬資料,,,,,,上游運輸(供應商→工廠),truck_7.5t,132.0,392.7,68.5,,,,,,,,,
2024,12,,,,,,進料物流/請款單,模擬資料,,,,,,上游運輸(供應商→工廠),truck_20t,103.7,427.9,77.7,,,,,,,,,
2024,12,,,,,,進料物流/請款單,模擬資料,,,,,,上游運輸(供應商→工廠),truck_7.5t,203.6,671.3,86.9,,,,,,,,,
2024,12,,,,,,進料物流/請款單,模擬資料,,,,,,上游運輸(供應商→工廠),truck_20t,157.3,421.3,66.8,,,,,,,,,
2024,12,,,,,,進料物流/請款單,模擬資料,,,,,,上游運輸(供應商→工廠),van,227.9,145.3,69.1,,,,,,,,,
2024,12,,,,,,進料物流/請款單,模擬資料,,,,,,上游運輸(供應商→工廠),truck_7.5t,137.2,653.1,66.0,,,,,,,,,
2024,12,,,,,,進料物流/請款單,模擬資料,,,,,,上游運輸(供應商→工廠),truck_7.5t,153.5,499.7,70.8,,,,,,,,,
2024,12,,,,,,進料物流/請款單,模擬資料,,,,,,上游運輸(供應商→工廠),van,184.5,603.8,64.7,,,,,,,,,
2024,12,,,,,,進料物流/請款單,模擬資料,,,,,,上游運輸(供應商→工廠),truck_7.5t,280.7,370.9,60.6,,,,,,,,,
2024,12,,,,,,進料物流/請款單,模擬資料,,,,,,上游運輸(供應商→工廠),truck_7.5t,136.7,581.5,87.6,,,,,,,,,
2024,12,,,,,,進料物流/請款單,模擬資料,,,,,,上游運輸(供應商→工廠),truck_20t,195.6,450.0,71.1,,,,,,,,,
2024,12,,,,,,進料物流/請款單,模擬資料,,,,,,上游運輸(供應商→工廠),truck_7.5t,199.6,164.6,67.7,,,,,,,,,
2024,12,,,,,,進料物流/請款單,模擬資料,,,,,,上游運輸(供應商→工廠),truck_20t,194.8,494.5,60.1,,,,,,,,,
2024,12,,,,,,進料物流/請款單,模擬資料,,,,,,上游運輸(供應商→工廠),truck_20t,147.5,523.6,78.4,,,,,,,,,
2024,12,,,,,,進料物流/請款單,模擬資料,,,,,,上游運輸(供應商→工廠),truck_7.5t,186.0,364.1,65.6,,,,,,,,,
2024,12,,,,,,進料物流/請款單,模擬資料,,,,,,上游運輸(供應商→工廠),truck_20t,153.5,338.0,69.2,,,,,,,,,
2024,12,,,,,,進料物流/請款單,模擬資料,,,,,,上游運輸(供應商→工廠),truck_20t,73.7,518.2,77.3,,,,,,,,,
2024,12,,,,,,進料物流/請款單,模擬資料,,,,,,上游運輸(供應商→工廠),truck_7.5t,241.3,633.4,68.9,,,,,,,,,
2024,12,,,,,,進料物流/請款單,模擬資料,,,,,,上游運輸(供應商→工廠),van,151.7,468.2,86.3,,,,,,,,,
2024,12,,,,,,進料物流/請款單,模擬資料,,,,,,上游運輸(供應商→工廠),truck_7.5t,247.3,205.4,71.4,,,,,,,,,
2024,12,,,,,,進料物流/請款單,模擬資料,,,,,,上游運輸(供應商→工廠),truck_20t,201.5,382.8,85.3,,,,,,,,,
2024,12,,,,,,進料物流/請款單,模擬資料,,,,,,上游運輸(供應商→工廠),van,211.1,498.9,75.8,,,,,,,,,
2024,12,,,,,,進料物流/請款單,模擬資料,,,,,,上游運輸(供應商→工廠),truck_7.5t,92.1,460.7,61.3,,,,,,,,,
2024,12,,,,,,進料物流/請款單,模擬資料,,,,,,上游運輸(供應商→工廠),truck_20t,158.2,551.3,69.8,,,,,,,,,
2024,12,,,,,,進料物流/請款單,模擬資料,,,,,,上游運輸(供應商→工廠),truck_7.5t,200.3,492.3,65.0,,,,,,,,,
2024,12,,,,,,進料物流/請款單,模擬資料,,,,,,上游運輸(供應商→工廠),truck_7.5t,238.1,187.6,87.2,,,,,,,,,
2024,12,,,,,,進料物流/請款單,模擬資料,,,,,,上游運輸(供應商→工廠),van,224.2,433.5,74.9,,,,,,,,,
2024,12,,,,,,進料物流/請款單,模擬資料,,,,,,上游運輸(供應商→工廠),truck_7.5t,286.3,313.6,84.9,,,,,,,,,
2024,12,,,,,,進料物流/請款單,模擬資料,,,,,,上游運輸(供應商→工廠),van,172.1,268.3,83.7,,,,,,,,,
2024,1,,,,,,清運/簽收聯單,模擬資料,,,,,,,,,,,一般事業廢棄物,819.5,焚化/掩埋,,,,,,
2024,1,,,,,,清運/簽收聯單,模擬資料,,,,,,,,,,,資源回收(紙/塑),377.5,回收,,,,,,
2024,1,,,,,,清運/簽收聯單,模擬資料,,,,,,,,,,,廢木棧板,90.0,回收再利用,,,,,,
2024,1,,,,,,清運/簽收聯單,模擬資料,,,,,,,,,,,廢機油,0.4,再生處理,,,,,,
2024,2,,,,,,清運/簽收聯單,模擬資料,,,,,,,,,,,一般事業廢棄物,877.8,焚化/掩埋,,,,,,
2024,2,,,,,,清運/簽收聯單,模擬資料,,,,,,,,,,,資源回收(紙/塑),444.8,回收,,,,,,
2024,2,,,,,,清運/簽收聯單,模擬資料,,,,,,,,,,,廢木棧板,101.9,回收再利用,,,,,,
2024,2,,,,,,清運/簽收聯單,模擬資料,,,,,,,,,,,廢機油,0.5,再生處理,,,,,,
2024,3,,,,,,清運/簽收聯單,模擬資料,,,,,,,,,,,一般事業廢棄物,871.1,焚化/掩埋,,,,,,
2024,3,,,,,,清運/簽收聯單,模擬資料,,,,,,,,,,,資源回收(紙/塑),536.0,回收,,,,,,
2024,3,,,,,,清運/簽收聯單,模擬資料,,,,,,,,,,,廢木棧板,107.8,回收再利用,,,,,,
2024,3,,,,,,清運/簽收聯單,模擬資料,,,,,,,,,,,廢機油,0.4,再生處理,,,,,,
2024,4,,,,,,清運/簽收聯單,模擬資料,,,,,,,,,,,一般事業廢棄物,922.3,焚化/掩埋,,,,,,
2024,4,,,,,,清運/簽收聯單,模擬資料,,,,,,,,,,,資源回收(紙/塑),400.1,回收,,,,,,
2024,4,,,,,,清運/簽收聯單,模擬資料,,,,,,,,,,,廢木棧板,115.5,回收再利用,,,,,,
2024,4,,,,,,清運/簽收聯單,模擬資料,,,,,,,,,,,廢機油,0.2,再生處理,,,,,,
2024,5,,,,,,清運/簽收聯單,模擬資料,,,,,,,,,,,一般事業廢棄物,1013.9,焚化/掩埋,,,,,,
2024,5,,,,,,清運/簽收聯單,模擬資料,,,,,,,,,,,資源回收(紙/塑),453.0,回收,,,,,,
2024,5,,,,,,清運/簽收聯單,模擬資料,,,,,,,,,,,廢木棧板,127.2,回收再利用,,,,,,
2024,5,,,,,,清運/簽收聯單,模擬資料,,,,,,,,,,,廢機油,0.3,再生處理,,,,,,
2024,6,,,,,,清運/簽收聯單,模擬資料,,,,,,,,,,,一般事業廢棄物,1106.2,焚化/掩埋,,,,,,
2024,6,,,,,,清運/簽收聯單,模擬資料,,,,,,,,,,,資源回收(紙/塑),451.3,回收,,,,,,
2024,6,,,,,,清運/簽收聯單,模擬資料,,,,,,,,,,,廢木棧板,98.9,回收再利用,,,,,,
2024,6,,,,,,清運/簽收聯單,模擬資料,,,,,,,,,,,廢機油,0.3,再生處理,,,,,,
2024,7,,,,,,清運/簽收聯單,模擬資料,,,,,,,,,,,一般事業廢棄物,1119.2,焚化/掩埋,,,,,,
2024,7,,,,,,清運/簽收聯單,模擬資料,,,,,,,,,,,資源回收(紙/塑),317.9,回收,,,,,,
2024,7,,,,,,清運/簽收聯單,模擬資料,,,,,,,,,,,廢木棧板,88.9,回收再利用,,,,,,
2024,7,,,,,,清運/簽收聯單,模擬資料,,,,,,,,,,,廢機油,0.6,再生處理,,,,,,
2024,8,,,,,,清運/簽收聯單,模擬資料,,,,,,,,,,,一般事業廢棄物,1072.4,焚化/掩埋,,,,,,
2024,8,,,,,,清運/簽收聯單,模擬資料,,,,,,,,,,,資源回收(紙/塑),425.4,回收,,,,,,
2024,8,,,,,,清運/簽收聯單,模擬資料,,,,,,,,,,,廢木棧板,101.8,回收再利用,,,,,,
2024,8,,,,,,清運/簽收聯單,模擬資料,,,,,,,,,,,廢機油,0.5,再生處理,,,,,,
2024,9,,,,,,清運/簽收聯單,模擬資料,,,,,,,,,,,一般事業廢棄物,998.7,焚化/掩埋,,,,,,
2024,9,,,,,,清運/簽收聯單,模擬資料,,,,,,,,,,,資源回收(紙/塑),407.7,回收,,,,,,
2024,9,,,,,,清運/簽收聯單,模擬資料,,,,,,,,,,,廢木棧板,159.8,回收再利用,,,,,,
2024,9,,,,,,清運/簽收聯單,模擬資料,,,,,,,,,,,廢機油,0.3,再生處理,,,,,,
2024,10,,,,,,清運/簽收聯單,模擬資料,,,,,,,,,,,一般事業廢棄物,1174.8,焚化/掩埋,,,,,,
2024,10,,,,,,清運/簽收聯單,模擬資料,,,,,,,,,,,資源回收(紙/塑),368.6,回收,,,,,,
2024,10,,,,,,清運/簽收聯單,模擬資料,,,,,,,,,,,廢木棧板,118.3,回收再利用,,,,,,
2024,10,,,,,,清運/簽收聯單,模擬資料,,,,,,,,,,,廢機油,0.2,再生處理,,,,,,
2024,11,,,,,,清運/簽收聯單,模擬資料,,,,,,,,,,,一般事業廢棄物,1031.3,焚化/掩埋,,,,,,
2024,11,,,,,,清運/簽收聯單,模擬資料,,,,,,,,,,,資源回收(紙/塑),409.1,回收,,,,,,
2024,11,,,,,,清運/簽收聯單,模擬資料,,,,,,,,,,,廢木棧板,155.2,回收再利用,,,,,,
2024,11,,,,,,清運/簽收聯單,模擬資料,,,,,,,,,,,廢機油,0.4,再生處理,,,,,,
2024,12,,,,,,清運/簽收聯單,模擬資料,,,,,,,,,,,一般事業廢棄物,1076.2,焚化/掩埋,,,,,,
2024,12,,,,,,清運/簽收聯單,模擬資料,,,,,,,,,,,資源回收(紙/塑),402.8,回收,,,,,,
2024,12,,,,,,清運/簽收聯單,模擬資料,,,,,,,,,,,廢木棧板,152.7,回收再利用,,,,,,
2024,12,,,,,,清運/簽收聯單,模擬資料,,,,,,,,,,,廢機油,0.3,再生處理,,,,,,
2024,1,,,,,,差旅報銷,模擬資料,,,,,,,,66.8,,,,,,自用車,2.0,,,,
2024,1,,,,,,差旅報銷,模擬資料,,,,,,,,177.6,,,,,,自用車,0.0,,,,
2024,1,,,,,,差旅報銷,模擬資料,,,,,,,,1497.3,,,,,,飛機_短程_經濟艙,0.0,,,,
2024,1,,,,,,差旅報銷,模擬資料,,,,,,,,397.6,,,,,,高鐵,1.0,,,,
2024,2,,,,,,差旅報銷,模擬資料,,,,,,,,142.7,,,,,,自用車,2.0,,,,
2024,2,,,,,,差旅報銷,模擬資料,,,,,,,,359.0,,,,,,高鐵,1.0,,,,
2024,2,,,,,,差旅報銷,模擬資料,,,,,,,,931.4,,,,,,飛機_短程_經濟艙,2.0,,,,
2024,2,,,,,,差旅報銷,模擬資料,,,,,,,,1161.0,,,,,,飛機_短程_經濟艙,1.0,,,,
2024,3,,,,,,差旅報銷,模擬資料,,,,,,,,1010.2,,,,,,飛機_短程_經濟艙,1.0,,,,
2024,3,,,,,,差旅報銷,模擬資料,,,,,,,,971.7,,,,,,飛機_短程_經濟艙,2.0,,,,
2024,3,,,,,,差旅報銷,模擬資料,,,,,,,,1341.4,,,,,,飛機_短程_經濟艙,0.0,,,,
2024,4,,,,,,差旅報銷,模擬資料,,,,,,,,293.7,,,,,,高鐵,1.0,,,,
2024,4,,,,,,差旅報銷,模擬資料,,,,,,,,148.1,,,,,,自用車,2.0,,,,
2024,4,,,,,,差旅報銷,模擬資料,,,,,,,,1152.2,,,,,,飛機_短程_經濟艙,1.0,,,,
2024,4,,,,,,差旅報銷,模擬資料,,,,,,,,104.9,,,,,,自用車,2.0,,,,
2024,5,,,,,,差旅報銷,模擬資料,,,,,,,,103.3,,,,,,自用車,0.0,,,,
2024,5,,,,,,差旅報銷,模擬資料,,,,,,,,592.0,,,,,,高鐵,0.0,,,,
2024,5,,,,,,差旅報銷,模擬資料,,,,,,,,228.2,,,,,,高鐵,2.0,,,,
2024,6,,,,,,差旅報銷,模擬資料,,,,,,,,300.2,,,,,,高鐵,2.0,,,,
2024,6,,,,,,差旅報銷,模擬資料,,,,,,,,209.8,,,,,,高鐵,2.0,,,,
2024,6,,,,,,差旅報銷,模擬資料,,,,,,,,91.1,,,,,,自用車,2.0,,,,
2024,7,,,,,,差旅報銷,模擬資料,,,,,,,,502.0,,,,,,高鐵,2.0,,,,
2024,7,,,,,,差旅報銷,模擬資料,,,,,,,,1187.6,,,,,,飛機_短程_經濟艙,0.0,,,,
2024,7,,,,,,差旅報銷,模擬資料,,,,,,,,913.9,,,,,,飛機_短程_經濟艙,2.0,,,,
2024,8,,,,,,差旅報銷,模擬資料,,,,,,,,123.4,,,,,,自用車,1.0,,,,
2024,8,,,,,,差旅報銷,模擬資料,,,,,,,,177.5,,,,,,自用車,0.0,,,,
2024,8,,,,,,差旅報銷,模擬資料,,,,,,,,165.4,,,,,,自用車,0.0,,,,
2024,9,,,,,,差旅報銷,模擬資料,,,,,,,,85.3,,,,,,自用車,1.0,,,,
2024,9,,,,,,差旅報銷,模擬資料,,,,,,,,1147.7,,,,,,飛機_短程_經濟艙,1.0,,,,
2024,9,,,,,,差旅報銷,模擬資料,,,,,,,,373.8,,,,,,高鐵,0.0,,,,
2024,9,,,,,,差旅報銷,模擬資料,,,,,,,,359.0,,,,,,高鐵,1.0,,,,
2024,10,,,,,,差旅報銷,模擬資料,,,,,,,,98.3,,,,,,自用車,2.0,,,,
2024,10,,,,,,差旅報銷,模擬資料,,,,,,,,287.1,,,,,,高鐵,0.0,,,,
2024,10,,,,,,差旅報銷,模擬資料,,,,,,,,321.5,,,,,,高鐵,2.0,,,,
2024,10,,,,,,差旅報銷,模擬資料,,,,,,,,329.3,,,,,,高鐵,1.0,,,,
2024,11,,,,,,差旅報銷,模擬資料,,,,,,,,404.9,,,,,,高鐵,0.0,,,,
2024,11,,,,,,差旅報銷,模擬資料,,,,,,,,184.9,,,,,,自用車,1.0,,,,
2024,11,,,,,,差旅報銷,模擬資料,,,,,,,,539.8,,,,,,高鐵,0.0,,,,
2024,11,,,,,,差旅報銷,模擬資料,,,,,,,,936.6,,,,,,飛機_短程_經濟艙,0.0,,,,
2024,12,,,,,,差旅報銷,模擬資料,,,,,,,,989.9,,,,,,飛機_短程_經濟艙,1.0,,,,
2024,12,,,,,,差旅報銷,模擬資料,,,,,,,,76.4,,,,,,自用車,2.0,,,,
2024,12,,,,,,差旅報銷,模擬資料,,,,,,,,200.4,,,,,,高鐵,0.0,,,,
2024,1,,,,,,人資問卷/門禁,模擬資料（按人數比例）,,,,,,,,,,,,,,,,機車,36.0,9.0,22.0
2024,1,,,,,,人資問卷/門禁,模擬資料（按人數比例）,,,,,,,,,,,,,,,,汽車,20.0,15.0,22.0
2024,1,,,,,,人資問卷/門禁,模擬資料（按人數比例）,,,,,,,,,,,,,,,,大眾運輸,20.0,12.0,22.0
2024,1,,,,,,人資問卷/門禁,模擬資料（按人數比例）,,,,,,,,,,,,,,,,自行車/步行,4.0,2.0,22.0
2024,2,,,,,,人資問卷/門禁,模擬資料（按人數比例）,,,,,,,,,,,,,,,,機車,36.0,9.0,22.0
2024,2,,,,,,人資問卷/門禁,模擬資料（按人數比例）,,,,,,,,,,,,,,,,汽車,20.0,15.0,22.0
2024,2,,,,,,人資問卷/門禁,模擬資料（按人數比例）,,,,,,,,,,,,,,,,大眾運輸,20.0,12.0,22.0
2024,2,,,,,,人資問卷/門禁,模擬資料（按人數比例）,,,,,,,,,,,,,,,,自行車/步行,4.0,2.0,22.0
2024,3,,,,,,人資問卷/門禁,模擬資料（按人數比例）,,,,,,,,,,,,,,,,機車,36.0,9.0,22.0
2024,3,,,,,,人資問卷/門禁,模擬資料（按人數比例）,,,,,,,,,,,,,,,,汽車,20.0,15.0,22.0
2024,3,,,,,,人資問卷/門禁,模擬資料（按人數比例）,,,,,,,,,,,,,,,,大眾運輸,20.0,12.0,22.0
2024,3,,,,,,人資問卷/門禁,模擬資料（按人數比例）,,,,,,,,,,,,,,,,自行車/步行,4.0,2.0,22.0
2024,4,,,,,,人資問卷/門禁,模擬資料（按人數比例）,,,,,,,,,,,,,,,,機車,36.0,9.0,22.0
2024,4,,,,,,人資問卷/門禁,模擬資料（按人數比例）,,,,,,,,,,,,,,,,汽車,20.0,15.0,22.0
2024,4,,,,,,人資問卷/門禁,模擬資料（按人數比例）,,,,,,,,,,,,,,,,大眾運輸,20.0,12.0,22.0
2024,4,,,,,,人資問卷/門禁,模擬資料（按人數比例）,,,,,,,,,,,,,,,,自行車/步行,4.0,2.0,22.0
2024,5,,,,,,人資問卷/門禁,模擬資料（按人數比例）,,,,,,,,,,,,,,,,機車,36.0,9.0,22.0
2024,5,,,,,,人資問卷/門禁,模擬資料（按人數比例）,,,,,,,,,,,,,,,,汽車,20.0,15.0,22.0
2024,5,,,,,,人資問卷/門禁,模擬資料（按人數比例）,,,,,,,,,,,,,,,,大眾運輸,20.0,12.0,22.0
2024,5,,,,,,人資問卷/門禁,模擬資料（按人數比例）,,,,,,,,,,,,,,,,自行車/步行,4.0,2.0,22.0
2024,6,,,,,,人資問卷/門禁,模擬資料（按人數比例）,,,,,,,,,,,,,,,,機車,36.0,9.0,22.0
2024,6,,,,,,人資問卷/門禁,模擬資料（按人數比例）,,,,,,,,,,,,,,,,汽車,20.0,15.0,22.0
2024,6,,,,,,人資問卷/門禁,模擬資料（按人數比例）,,,,,,,,,,,,,,,,大眾運輸,20.0,12.0,22.0
2024,6,,,,,,人資問卷/門禁,模擬資料（按人數比例）,,,,,,,,,,,,,,,,自行車/步行,4.0,2.0,22.0
2024,7,,,,,,人資問卷/門禁,模擬資料（按人數比例）,,,,,,,,,,,,,,,,機車,36.0,9.0,22.0
2024,7,,,,,,人資問卷/門禁,模擬資料（按人數比例）,,,,,,,,,,,,,,,,汽車,20.0,15.0,22.0
2024,7,,,,,,人資問卷/門禁,模擬資料（按人數比例）,,,,,,,,,,,,,,,,大眾運輸,20.0,12.0,22.0
2024,7,,,,,,人資問卷/門禁,模擬資料（按人數比例）,,,,,,,,,,,,,,,,自行車/步行,4.0,2.0,22.0
2024,8,,,,,,人資問卷/門禁,模擬資料（按人數比例）,,,,,,,,,,,,,,,,機車,36.0,9.0,22.0
2024,8,,,,,,人資問卷/門禁,模擬資料（按人數比例）,,,,,,,,,,,,,,,,汽車,20.0,15.0,22.0
2024,8,,,,,,人資問卷/門禁,模擬資料（按人數比例）,,,,,,,,,,,,,,,,大眾運輸,20.0,12.0,22.0
2024,8,,,,,,人資問卷/門禁,模擬資料（按人數比例）,,,,,,,,,,,,,,,,自行車/步行,4.0,2.0,22.0
2024,9,,,,,,人資問卷/門禁,模擬資料（按人數比例）,,,,,,,,,,,,,,,,機車,36.0,9.0,22.0
2024,9,,,,,,人資問卷/門禁,模擬資料（按人數比例）,,,,,,,,,,,,,,,,汽車,20.0,15.0,22.0
2024,9,,,,,,人資問卷/門禁,模擬資料（按人數比例）,,,,,,,,,,,,,,,,大眾運輸,20.0,12.0,22.0
2024,9,,,,,,人資問卷/門禁,模擬資料（按人數比例）,,,,,,,,,,,,,,,,自行車/步行,4.0,2.0,22.0
2024,10,,,,,,人資問卷/門禁,模擬資料（按人數比例）,,,,,,,,,,,,,,,,機車,36.0,9.0,22.0
2024,10,,,,,,人資問卷/門禁,模擬資料（按人數比例）,,,,,,,,,,,,,,,,汽車,20.0,15.0,22.0
2024,10,,,,,,人資問卷/門禁,模擬資料（按人數比例）,,,,,,,,,,,,,,,,大眾運輸,20.0,12.0,22.0
2024,10,,,,,,人資問卷/門禁,模擬資料（按人數比例）,,,,,,,,,,,,,,,,自行車/步行,4.0,2.0,22.0
2024,11,,,,,,人資問卷/門禁,模擬資料（按人數比例）,,,,,,,,,,,,,,,,機車,36.0,9.0,22.0
2024,11,,,,,,人資問卷/門禁,模擬資料（按人數比例）,,,,,,,,,,,,,,,,汽車,20.0,15.0,22.0
2024,11,,,,,,人資問卷/門禁,模擬資料（按人數比例）,,,,,,,,,,,,,,,,大眾運輸,20.0,12.0,22.0
2024,11,,,,,,人資問卷/門禁,模擬資料（按人數比例）,,,,,,,,,,,,,,,,自行車/步行,4.0,2.0,22.0
2024,12,,,,,,人資問卷/門禁,模擬資料（按人數比例）,,,,,,,,,,,,,,,,機車,36.0,9.0,22.0
2024,12,,,,,,人資問卷/門禁,模擬資料（按人數比例）,,,,,,,,,,,,,,,,汽車,20.0,15.0,22.0
2024,12,,,,,,人資問卷/門禁,模擬資料（按人數比例）,,,,,,,,,,,,,,,,大眾運輸,20.0,12.0,22.0
2024,12,,,,,,人資問卷/門禁,模擬資料（按人數比例）,,,,,,,,,,,,,,,,自行車/步行,4.0,2.0,22.0
2024,1,,,,,,出貨/託運單,模擬資料,,,,,,下游客配(工廠→客戶),truck_7.5t,300.8,526.3,80.5,,,,,,,,,
2024,1,,,,,,出貨/託運單,模擬資料,,,,,,下游客配(工廠→客戶),truck_7.5t,275.6,402.1,74.0,,,,,,,,,
2024,1,,,,,,出貨/託運單,模擬資料,,,,,,下游客配(工廠→客戶),truck_7.5t,287.3,293.0,75.8,,,,,,,,,
2024,1,,,,,,出貨/託運單,模擬資料,,,,,,下游客配(工廠→客戶),van,300.3,341.7,76.8,,,,,,,,,
2024,1,,,,,,出貨/託運單,模擬資料,,,,,,下游客配(工廠→客戶),truck_20t,102.8,430.2,83.8,,,,,,,,,
2024,1,,,,,,出貨/託運單,模擬資料,,,,,,下游客配(工廠→客戶),van,324.8,310.2,78.9,,,,,,,,,
2024,1,,,,,,出貨/託運單,模擬資料,,,,,,下游客配(工廠→客戶),truck_7.5t,218.4,262.7,57.9,,,,,,,,,
2024,1,,,,,,出貨/託運單,模擬資料,,,,,,下游客配(工廠→客戶),truck_7.5t,299.2,390.0,69.0,,,,,,,,,
2024,1,,,,,,出貨/託運單,模擬資料,,,,,,下游客配(工廠→客戶),truck_20t,221.2,389.2,69.8,,,,,,,,,
2024,1,,,,,,出貨/託運單,模擬資料,,,,,,下游客配(工廠→客戶),truck_7.5t,173.4,161.9,58.5,,,,,,,,,
2024,1,,,,,,出貨/託運單,模擬資料,,,,,,下游客配(工廠→客戶),van,242.5,501.7,78.2,,,,,,,,,
2024,1,,,,,,出貨/託運單,模擬資料,,,,,,下游客配(工廠→客戶),truck_7.5t,292.9,438.1,77.9,,,,,,,,,
2024,1,,,,,,出貨/託運單,模擬資料,,,,,,下游客配(工廠→客戶),truck_20t,153.8,386.0,59.7,,,,,,,,,
2024,1,,,,,,出貨/託運單,模擬資料,,,,,,下游客配(工廠→客戶),truck_20t,288.0,396.8,66.5,,,,,,,,,
2024,1,,,,,,出貨/託運單,模擬資料,,,,,,下游客配(工廠→客戶),truck_20t,162.5,502.2,78.4,,,,,,,,,
2024,1,,,,,,出貨/託運單,模擬資料,,,,,,下游客配(工廠→客戶),truck_20t,216.8,441.1,76.5,,,,,,,,,
2024,1,,,,,,出貨/託運單,模擬資料,,,,,,下游客配(工廠→客戶),truck_20t,255.9,440.8,74.1,,,,,,,,,
2024,1,,,,,,出貨/託運單,模擬資料,,,,,,下游客配(工廠→客戶),truck_20t,331.5,167.7,55.4,,,,,,,,,
2024,1,,,,,,出貨/託運單,模擬資料,,,,,,下游客配(工廠→客戶),truck_20t,100.6,485.7,68.8,,,,,,,,,
2024,1,,,,,,出貨/託運單,模擬資料,,,,,,下游客配(工廠→客戶),truck_7.5t,247.7,283.8,78.4,,,,,,,,,
2024,1,,,,,,出貨/託運單,模擬資料,,,,,,下游客配(工廠→客戶),truck_7.5t,49.7,224.4,63.5,,,,,,,,,
2024,1,,,,,,出貨/託運單,模擬資料,,,,,,下游客配(工廠→客戶),truck_7.5t,266.5,404.1,75.0,,,,,,,,,
2024,1,,,,,,出貨/託運單,模擬資料,,,,,,下游客配(工廠→客戶),truck_20t,270.7,373.3,55.9,,,,,,,,,
2024,1,,,,,,出貨/託運單,模擬資料,,,,,,下游客配(工廠→客戶),van,203.1,292.4,60.9,,,,,,,,,
2024,1,,,,,,出貨/託運單,模擬資料,,,,,,下游客配(工廠→客戶),truck_20t,253.5,322.2,55.2,,,,,,,,,
2024,1,,,,,,出貨/託運單,模擬資料,,,,,,下游客配(工廠→客戶),van,72.5,439.6,62.2,,,,,,,,,
2024,1,,,,,,出貨/託運單,模擬資料,,,,,,下游客配(工廠→客戶),van,167.2,136.0,82.8,,,,,,,,,
2024,1,,,,,,出貨/託運單,模擬資料,,,,,,下游客配(工廠→客戶),truck_7.5t,294.4,379.0,56.2,,,,,,,,,
2024,1,,,,,,出貨/託運單,模擬資料,,,,,,下游客配(工廠→客戶),truck_7.5t,313.5,286.1,80.5,,,,,,,,,
2024,1,,,,,,出貨/託運單,模擬資料,,,,,,下游客配(工廠→客戶),van,109.4,302.9,63.1,,,,,,,,,
2024,1,,,,,,出貨/託運單,模擬資料,,,,,,下游客配(工廠→客戶),van,339.9,437.1,56.6,,,,,,,,,
2024,1,,,,,,出貨/託運單,模擬資料,,,,,,下游客配(工廠→客戶),truck_7.5t,250.2,260.1,76.3,,,,,,,,,
2024,1,,,,,,出貨/託運單,模擬資料,,,,,,下游客配(工廠→客戶),van,172.4,449.1,84.4,,,,,,,,,
2024,1,,,,,,出貨/託運單,模擬資料,,,,,,下游客配(工廠→客戶),van,246.8,297.2,72.2,,,,,,,,,
2024,1,,,,,,出貨/託運單,模擬資料,,,,,,下游客配(工廠→客戶),truck_20t,311.1,394.7,72.3,,,,,,,,,
2024,1,,,,,,出貨/託運單,模擬資料,,,,,,下游客配(工廠→客戶),truck_20t,192.1,462.5,59.5,,,,,,,,,
2024,1,,,,,,出貨/託運單,模擬資料,,,,,,下游客配(工廠→客戶),van,241.1,347.4,58.6,,,,,,,,,
2024,1,,,,,,出貨/託運單,模擬資料,,,,,,下游客配(工廠→客戶),truck_7.5t,227.5,366.7,67.8,,,,,,,,,
2024,1,,,,,,出貨/託運單,模擬資料,,,,,,下游客配(工廠→客戶),truck_7.5t,214.1,392.0,67.3,,,,,,,,,
2024,1,,,,,,出貨/託運單,模擬資料,,,,,,下游客配(工廠→客戶),truck_7.5t,66.7,207.4,56.1,,,,,,,,,
2024,1,,,,,,出貨/託運單,模擬資料,,,,,,下游客配(工廠→客戶),truck_20t,355.5,331.9,72.2,,,,,,,,,
2024,1,,,,,,出貨/託運單,模擬資料,,,,,,下游客配(工廠→客戶),truck_20t,186.7,393.4,74.6,,,,,,,,,
2024,1,,,,,,出貨/託運單,模擬資料,,,,,,下游客配(工廠→客戶),truck_7.5t,191.6,419.4,67.9,,,,,,,,,
2024,1,,,,,,出貨/託運單,模擬資料,,,,,,下游客配(工廠→客戶),van,403.0,360.6,77.1,,,,,,,,,
2024,1,,,,,,出貨/託運單,模擬資料,,,,,,下游客配(工廠→客戶),truck_7.5t,257.8,368.8,70.6,,,,,,,,,
2024,1,,,,,,出貨/託運單,模擬資料,,,,,,下游客配(工廠→客戶),truck_7.5t,247.0,285.2,69.8,,,,,,,,,
2024,1,,,,,,出貨/託運單,模擬資料,,,,,,下游客配(工廠→客戶),van,263.9,418.8,56.7,,,,,,,,,
2024,1,,,,,,出貨/託運單,模擬資料,,,,,,下游客配(工廠→客戶),truck_20t,248.7,332.5,64.4,,,,,,,,,
2024,1,,,,,,出貨/託運單,模擬資料,,,,,,下游客配(工廠→客戶),truck_7.5t,191.8,184.2,80.7,,,,,,,,,
2024,1,,,,,,出貨/託運單,模擬資料,,,,,,下游客配(工廠→客戶),truck_7.5t,280.5,490.9,58.6,,,,,,,,,
2024,1,,,,,,出貨/託運單,模擬資料,,,,,,下游客配(工廠→客戶),truck_20t,176.9,75.4,78.2,,,,,,,,,
2024,1,,,,,,出貨/託運單,模擬資料,,,,,,下游客配(工廠→客戶),van,249.5,306.3,66.6,,,,,,,,,
2024,1,,,,,,出貨/託運單,模擬資料,,,,,,下游客配(工廠→客戶),truck_20t,209.8,369.5,70.8,,,,,,,,,
2024,1,,,,,,出貨/託運單,模擬資料,,,,,,下游客配(工廠→客戶),truck_20t,166.4,424.2,84.7,,,,,,,,,
2024,1,,,,,,出貨/託運單,模擬資料,,,,,,下游客配(工廠→客戶),truck_20t,152.1,266.9,59.2,,,,,,,,,
2024,1,,,,,,出貨/託運單,模擬資料,,,,,,下游客配(工廠→客戶),truck_7.5t,184.1,494.8,77.7,,,,,,,,,
2024,1,,,,,,出貨/託運單,模擬資料,,,,,,下游客配(工廠→客戶),truck_7.5t,328.7,384.8,60.4,,,,,,,,,
2024,1,,,,,,出貨/託運單,模擬資料,,,,,,下游客配(工廠→客戶),truck_7.5t,248.6,316.9,63.8,,,,,,,,,
2024,1,,,,,,出貨/託運單,模擬資料,,,,,,下游客配(工廠→客戶),truck_7.5t,298.6,308.3,57.5,,,,,,,,,
2024,1,,,,,,出貨/託運單,模擬資料,,,,,,下游客配(工廠→客戶),truck_7.5t,156.5,198.1,74.5,,,,,,,,,
2024,1,,,,,,出貨/託運單,模擬資料,,,,,,下游客配(工廠→客戶),truck_20t,204.5,335.7,66.0,,,,,,,,,
2024,1,,,,,,出貨/託運單,模擬資料,,,,,,下游客配(工廠→客戶),truck_7.5t,263.7,427.9,69.5,,,,,,,,,
2024,1,,,,,,出貨/託運單,模擬資料,,,,,,下游客配(工廠→客戶),truck_7.5t,362.5,388.5,82.3,,,,,,,,,
2024,1,,,,,,出貨/託運單,模擬資料,,,,,,下游客配(工廠→客戶),truck_20t,141.7,287.7,70.0,,,,,,,,,
2024,1,,,,,,出貨/託運單,模擬資料,,,,,,下游客配(工廠→客戶),truck_7.5t,152.0,310.7,82.5,,,,,,,,,
2024,1,,,,,,出貨/託運單,模擬資料,,,,,,下游客配(工廠→客戶),truck_7.5t,160.9,364.9,60.7,,,,,,,,,
2024,1,,,,,,出貨/託運單,模擬資料,,,,,,下游客配(工廠→客戶),truck_7.5t,169.0,344.7,64.2,,,,,,,,,
2024,1,,,,,,出貨/託運單,模擬資料,,,,,,下游客配(工廠→客戶),truck_20t,211.1,221.0,76.1,,,,,,,,,
2024,1,,,,,,出貨/託運單,模擬資料,,,,,,下游客配(工廠→客戶),truck_7.5t,111.3,378.2,69.3,,,,,,,,,
2024,1,,,,,,出貨/託運單,模擬資料,,,,,,下游客配(工廠→客戶),van,242.2,335.8,83.9,,,,,,,,,
2024,1,,,,,,出貨/託運單,模擬資料,,,,,,下游客配(工廠→客戶),truck_7.5t,138.8,331.8,77.0,,,,,,,,,
2024,1,,,,,,出貨/託運單,模擬資料,,,,,,下游客配(工廠→客戶),truck_20t,155.7,247.0,84.1,,,,,,,,,
2024,1,,,,,,出貨/託運單,模擬資料,,,,,,下游客配(工廠→客戶),truck_7.5t,233.9,242.7,77.5,,,,,,,,,
2024,1,,,,,,出貨/託運單,模擬資料,,,,,,下游客配(工廠→客戶),truck_7.5t,97.1,319.3,78.3,,,,,,,,,
2024,1,,,,,,出貨/託運單,模擬資料,,,,,,下游客配(工廠→客戶),van,274.5,310.0,84.3,,,,,,,,,
2024,1,,,,,,出貨/託運單,模擬資料,,,,,,下游客配(工廠→客戶),van,174.4,409.5,71.7,,,,,,,,,
2024,1,,,,,,出貨/託運單,模擬資料,,,,,,下游客配(工廠→客戶),truck_20t,255.0,298.9,56.1,,,,,,,,,
2024,1,,,,,,出貨/託運單,模擬資料,,,,,,下游客配(工廠→客戶),van,254.7,198.2,75.3,,,,,,,,,
2024,1,,,,,,出貨/託運單,模擬資料,,,,,,下游客配(工廠→客戶),truck_7.5t,248.1,223.3,77.2,,,,,,,,,
2024,1,,,,,,出貨/託運單,模擬資料,,,,,,下游客配(工廠→客戶),truck_7.5t,233.4,428.5,73.7,,,,,,,,,
2024,1,,,,,,出貨/託運單,模擬資料,,,,,,下游客配(工廠→客戶),truck_7.5t,218.3,317.7,75.3,,,,,,,,,
2024,1,,,,,,出貨/託運單,模擬資料,,,,,,下游客配(工廠→客戶),truck_7.5t,177.6,405.2,75.1,,,,,,,,,
2024,1,,,,,,出貨/託運單,模擬資料,,,,,,下游客配(工廠→客戶),truck_20t,42.3,260.1,80.6,,,,,,,,,
2024,1,,,,,,出貨/託運單,模擬資料,,,,,,下游客配(工廠→客戶),truck_7.5t,76.5,321.1,63.2,,,,,,,,,
2024,1,,,,,,出貨/託運單,模擬資料,,,,,,下游客配(工廠→客戶),truck_7.5t,135.8,341.8,65.3,,,,,,,,,
2024,1,,,,,,出貨/託運單,模擬資料,,,,,,下游客配(工廠→客戶),van,266.3,216.5,63.9,,,,,,,,,
2024,1,,,,,,出貨/託運單,模擬資料,,,,,,下游客配(工廠→客戶),truck_20t,205.8,327.6,84.9,,,,,,,,,
2024,1,,,,,,出貨/託運單,模擬資料,,,,,,下游客配(工廠→客戶),truck_20t,91.4,238.0,82.5,,,,,,,,,
2024,1,,,,,,出貨/託運單,模擬資料,,,,,,下游客配(工廠→客戶),truck_20t,203.5,537.4,57.0,,,,,,,,,
2024,1,,,,,,出貨/託運單,模擬資料,,,,,,下游客配(工廠→客戶),truck_20t,239.0,416.4,74.0,,,,,,,,,
2024,1,,,,,,出貨/託運單,模擬資料,,,,,,下游客配(工廠→客戶),truck_7.5t,192.7,476.4,77.6,,,,,,,,,
2024,1,,,,,,出貨/託運單,模擬資料,,,,,,下游客配(工廠→客戶),truck_7.5t,191.4,273.4,62.1,,,,,,,,,
2024,1,,,,,,出貨/託運單,模擬資料,,,,,,下游客配(工廠→客戶),truck_20t,250.7,204.9,77.3,,,,,,,,,
2024,1,,,,,,出貨/託運單,模擬資料,,,,,,下游客配(工廠→客戶),truck_7.5t,235.6,435.3,62.2,,,,,,,,,
2024,1,,,,,,出貨/託運單,模擬資料,,,,,,下游客配(工廠→客戶),truck_7.5t,241.2,440.2,63.5,,,,,,,,,
2024,1,,,,,,出貨/託運單,模擬資料,,,,,,下游客配(工廠→客戶),truck_7.5t,243.9,400.3,68.2,,,,,,,,,
2024,1,,,,,,出貨/託運單,模擬資料,,,,,,下游客配(工廠→客戶),truck_20t,306.1,420.0,79.4,,,,,,,,,
2024,2,,,,,,出貨/託運單,模擬資料,,,,,,下游客配(工廠→客戶),truck_7.5t,181.5,318.2,58.1,,,,,,,,,
2024,2,,,,,,出貨/託運單,模擬資料,,,,,,下游客配(工廠→客戶),truck_7.5t,185.4,316.0,68.0,,,,,,,,,
2024,2,,,,,,出貨/託運單,模擬資料,,,,,,下游客配(工廠→客戶),truck_7.5t,53.9,451.4,56.2,,,,,,,,,
2024,2,,,,,,出貨/託運單,模擬資料,,,,,,下游客配(工廠→客戶),truck_7.5t,146.6,137.2,70.5,,,,,,,,,
2024,2,,,,,,出貨/託運單,模擬資料,,,,,,下游客配(工廠→客戶),van,198.4,466.8,66.5,,,,,,,,,
2024,2,,,,,,出貨/託運單,模擬資料,,,,,,下游客配(工廠→客戶),van,145.7,460.7,64.1,,,,,,,,,
2024,2,,,,,,出貨/託運單,模擬資料,,,,,,下游客配(工廠→客戶),truck_7.5t,262.6,338.7,58.4,,,,,,,,,
2024,2,,,,,,出貨/託運單,模擬資料,,,,,,下游客配(工廠→客戶),van,215.1,260.6,69.7,,,,,,,,,
2024,2,,,,,,出貨/託運單,模擬資料,,,,,,下游客配(工廠→客戶),van,265.4,209.9,80.2,,,,,,,,,
2024,2,,,,,,出貨/託運單,模擬資料,,,,,,下游客配(工廠→客戶),truck_20t,297.2,350.8,69.4,,,,,,,,,
2024,2,,,,,,出貨/託運單,模擬資料,,,,,,下游客配(工廠→客戶),truck_7.5t,321.2,271.4,82.9,,,,,,,,,
2024,2,,,,,,出貨/託運單,模擬資料,,,,,,下游客配(工廠→客戶),truck_20t,135.4,250.5,59.5,,,,,,,,,
2024,2,,,,,,出貨/託運單,模擬資料,,,,,,下游客配(工廠→客戶),truck_7.5t,202.5,412.7,55.3,,,,,,,,,
2024,2,,,,,,出貨/託運單,模擬資料,,,,,,下游客配(工廠→客戶),truck_7.5t,274.1,434.7,73.6,,,,,,,,,
2024,2,,,,,,出貨/託運單,模擬資料,,,,,,下游客配(工廠→客戶),truck_7.5t,301.5,456.2,80.5,,,,,,,,,
2024,2,,,,,,出貨/託運單,模擬資料,,,,,,下游客配(工廠→客戶),truck_20t,283.0,369.5,59.9,,,,,,,,,
2024,2,,,,,,出貨/託運單,模擬資料,,,,,,下游客配(工廠→客戶),truck_20t,151.7,324.3,82.6,,,,,,,,,
2024,2,,,,,,出貨/託運單,模擬資料,,,,,,下游客配(工廠→客戶),truck_20t,363.5,262.6,65.8,,,,,,,,,
2024,2,,,,,,出貨/託運單,模擬資料,,,,,,下游客配(工廠→客戶),truck_20t,277.6,271.6,73.0,,,,,,,,,
2024,2,,,,,,出貨/託運單,模擬資料,,,,,,下游客配(工廠→客戶),truck_20t,261.7,480.0,57.3,,,,,,,,,
2024,2,,,,,,出貨/託運單,模擬資料,,,,,,下游客配(工廠→客戶),truck_7.5t,87.6,392.7,60.0,,,,,,,,,
2024,2,,,,,,出貨/託運單,模擬資料,,,,,,下游客配(工廠→客戶),truck_7.5t,337.1,237.1,64.5,,,,,,,,,
2024,2,,,,,,出貨/託運單,模擬資料,,,,,,下游客配(工廠→客戶),truck_7.5t,313.2,384.5,59.3,,,,,,,,,
2024,2,,,,,,出貨/託運單,模擬資料,,,,,,下游客配(工廠→客戶),truck_7.5t,244.6,255.0,84.8,,,,,,,,,
2024,2,,,,,,出貨/託運單,模擬資料,,,,,,下游客配(工廠→客戶),truck_20t,210.3,355.1,72.5,,,,,,,,,
2024,2,,,,,,出貨/託運單,模擬資料,,,,,,下游客配(工廠→客戶),van,233.9,361.1,71.1,,,,,,,,,
2024,2,,,,,,出貨/託運單,模擬資料,,,,,,下游客配(工廠→客戶),van,205.1,256.1,72.8,,,,,,,,,
2024,2,,,,,,出貨/託運單,模擬資料,,,,,,下游客配(工廠→客戶),van,244.2,409.1,55.5,,,,,,,,,
2024,2,,,,,,出貨/託運單,模擬資料,,,,,,下游客配(工廠→客戶),truck_20t,292.3,455.6,62.6,,,,,,,,,
2024,2,,,,,,出貨/託運單,模擬資料,,,,,,下游客配(工廠→客戶),truck_7.5t,138.0,278.9,75.3,,,,,,,,,
2024,2,,,,,,出貨/託運單,模擬資料,,,,,,下游客配(工廠→客戶),truck_7.5t,295.2,483.6,84.5,,,,,,,,,
2024,2,,,,,,出貨/託運單,模擬資料,,,,,,下游客配(工廠→客戶),truck_20t,231.6,329.4,78.9,,,,,,,,,
2024,2,,,,,,出貨/託運單,模擬資料,,,,,,下游客配(工廠→客戶),truck_20t,179.7,384.3,81.7,,,,,,,,,
2024,2,,,,,,出貨/託運單,模擬資料,,,,,,下游客配(工廠→客戶),van,233.6,321.4,83.8,,,,,,,,,
2024,2,,,,,,出貨/託運單,模擬資料,,,,,,下游客配(工廠→客戶),truck_20t,319.5,313.8,82.4,,,,,,,,,
2024,2,,,,,,出貨/託運單,模擬資料,,,,,,下游客配(工廠→客戶),truck_7.5t,63.6,248.4,81.4,,,,,,,,,
2024,2,,,,,,出貨/託運單,模擬資料,,,,,,下游客配(工廠→客戶),truck_20t,207.5,363.0,76.9,,,,,,,,,
2024,2,,,,,,出貨/託運單,模擬資料,,,,,,下游客配(工廠→客戶),truck_7.5t,328.4,398.0,82.1,,,,,,,,,
2024,2,,,,,,出貨/託運單,模擬資料,,,,,,下游客配(工廠→客戶),truck_7.5t,151.6,287.7,61.1,,,,,,,,,
2024,2,,,,,,出貨/託運單,模擬資料,,,,,,下游客配(工廠→客戶),truck_7.5t,191.8,536.4,66.3,,,,,,,,,
2024,2,,,,,,出貨/託運單,模擬資料,,,,,,下游客配(工廠→客戶),van,209.3,528.4,64.6,,,,,,,,,
2024,2,,,,,,出貨/託運單,模擬資料,,,,,,下游客配(工廠→客戶),truck_7.5t,277.3,665.2,73.1,,,,,,,,,
2024,2,,,,,,出貨/託運單,模擬資料,,,,,,下游客配(工廠→客戶),truck_7.5t,180.7,325.3,66.3,,,,,,,,,
2024,2,,,,,,出貨/託運單,模擬資料,,,,,,下游客配(工廠→客戶),truck_7.5t,217.0,386.7,75.5,,,,,,,,,
2024,2,,,,,,出貨/託運單,模擬資料,,,,,,下游客配(工廠→客戶),van,264.0,174.1,58.0,,,,,,,,,
2024,2,,,,,,出貨/託運單,模擬資料,,,,,,下游客配(工廠→客戶),truck_7.5t,222.0,354.4,61.1,,,,,,,,,
2024,2,,,,,,出貨/託運單,模擬資料,,,,,,下游客配(工廠→客戶),truck_20t,186.7,231.2,62.8,,,,,,,,,
2024,2,,,,,,出貨/託運單,模擬資料,,,,,,下游客配(工廠→客戶),van,143.4,386.8,74.6,,,,,,,,,
2024,2,,,,,,出貨/託運單,模擬資料,,,,,,下游客配(工廠→客戶),truck_7.5t,75.0,178.4,63.8,,,,,,,,,
2024,2,,,,,,出貨/託運單,模擬資料,,,,,,下游客配(工廠→客戶),truck_20t,214.0,350.1,84.5,,,,,,,,,
2024,2,,,,,,出貨/託運單,模擬資料,,,,,,下游客配(工廠→客戶),truck_7.5t,131.6,253.3,59.1,,,,,,,,,
2024,2,,,,,,出貨/託運單,模擬資料,,,,,,下游客配(工廠→客戶),truck_7.5t,184.9,479.5,80.4,,,,,,,,,
2024,2,,,,,,出貨/託運單,模擬資料,,,,,,下游客配(工廠→客戶),truck_7.5t,175.8,280.0,62.6,,,,,,,,,
2024,2,,,,,,出貨/託運單,模擬資料,,,,,,下游客配(工廠→客戶),truck_7.5t,291.6,330.1,77.1,,,,,,,,,
2024,2,,,,,,出貨/託運單,模擬資料,,,,,,下游客配(工廠→客戶),truck_7.5t,105.4,406.0,77.8,,,,,,,,,
2024,2,,,,,,出貨/託運單,模擬資料,,,,,,下游客配(工廠→客戶),truck_20t,330.4,345.8,58.6,,,,,,,,,
2024,2,,,,,,出貨/託運單,模擬資料,,,,,,下游客配(工廠→客戶),truck_20t,124.1,338.4,80.4,,,,,,,,,
2024,2,,,,,,出貨/託運單,模擬資料,,,,,,下游客配(工廠→客戶),truck_20t,244.6,287.8,62.4,,,,,,,,,
2024,2,,,,,,出貨/託運單,模擬資料,,,,,,下游客配(工廠→客戶),truck_7.5t,299.3,454.8,65.2,,,,,,,,,
2024,2,,,,,,出貨/託運單,模擬資料,,,,,,下游客配(工廠→客戶),truck_20t,314.2,410.8,59.8,,,,,,,,,
2024,2,,,,,,出貨/託運單,模擬資料,,,,,,下游客配(工廠→客戶),van,224.6,276.8,70.5,,,,,,,,,
2024,2,,,,,,出貨/託運單,模擬資料,,,,,,下游客配(工廠→客戶),truck_7.5t,203.8,540.7,68.0,,,,,,,,,
2024,2,,,,,,出貨/託運單,模擬資料,,,,,,下游客配(工廠→客戶),van,216.4,367.3,69.5,,,,,,,,,
2024,2,,,,,,出貨/託運單,模擬資料,,,,,,下游客配(工廠→客戶),truck_20t,238.3,518.1,61.2,,,,,,,,,
2024,2,,,,,,出貨/託運單,模擬資料,,,,,,下游客配(工廠→客戶),truck_7.5t,283.7,351.6,82.5,,,,,,,,,
2024,2,,,,,,出貨/託運單,模擬資料,,,,,,下游客配(工廠→客戶),van,251.3,445.1,67.0,,,,,,,,,
2024,2,,,,,,出貨/託運單,模擬資料,,,,,,下游客配(工廠→客戶),van,240.2,325.9,79.5,,,,,,,,,
2024,2,,,,,,出貨/託運單,模擬資料,,,,,,下游客配(工廠→客戶),truck_7.5t,91.9,9.8,82.6,,,,,,,,,
2024,2,,,,,,出貨/託運單,模擬資料,,,,,,下游客配(工廠→客戶),truck_20t,164.7,248.4,78.8,,,,,,,,,
2024,2,,,,,,出貨/託運單,模擬資料,,,,,,下游客配(工廠→客戶),truck_7.5t,215.9,575.3,61.4,,,,,,,,,
2024,2,,,,,,出貨/託運單,模擬資料,,,,,,下游客配(工廠→客戶),truck_20t,143.8,372.6,55.1,,,,,,,,,
2024,2,,,,,,出貨/託運單,模擬資料,,,,,,下游客配(工廠→客戶),truck_20t,197.6,229.0,68.7,,,,,,,,,
2024,2,,,,,,出貨/託運單,模擬資料,,,,,,下游客配(工廠→客戶),van,195.6,363.3,66.8,,,,,,,,,
2024,2,,,,,,出貨/託運單,模擬資料,,,,,,下游客配(工廠→客戶),truck_20t,144.0,419.2,68.8,,,,,,,,,
2024,2,,,,,,出貨/託運單,模擬資料,,,,,,下游客配(工廠→客戶),truck_20t,114.0,320.4,83.5,,,,,,,,,
2024,2,,,,,,出貨/託運單,模擬資料,,,,,,下游客配(工廠→客戶),van,232.5,213.1,80.4,,,,,,,,,
2024,2,,,,,,出貨/託運單,模擬資料,,,,,,下游客配(工廠→客戶),truck_20t,114.9,420.7,77.5,,,,,,,,,
2024,2,,,,,,出貨/託運單,模擬資料,,,,,,下游客配(工廠→客戶),truck_20t,194.2,418.0,64.1,,,,,,,,,
2024,2,,,,,,出貨/託運單,模擬資料,,,,,,下游客配(工廠→客戶),van,345.2,502.0,67.1,,,,,,,,,
2024,2,,,,,,出貨/託運單,模擬資料,,,,,,下游客配(工廠→客戶),truck_20t,271.2,393.9,82.2,,,,,,,,,
2024,2,,,,,,出貨/託運單,模擬資料,,,,,,下游客配(工廠→客戶),truck_7.5t,211.7,439.1,67.2,,,,,,,,,
2024,2,,,,,,出貨/託運單,模擬資料,,,,,,下游客配(工廠→客戶),truck_7.5t,216.2,420.9,75.0,,,,,,,,,
2024,2,,,,,,出貨/託運單,模擬資料,,,,,,下游客配(工廠→客戶),truck_7.5t,270.4,324.0,64.8,,,,,,,,,
2024,2,,,,,,出貨/託運單,模擬資料,,,,,,下游客配(工廠→客戶),truck_20t,179.9,498.5,62.4,,,,,,,,,
2024,2,,,,,,出貨/託運單,模擬資料,,,,,,下游客配(工廠→客戶),truck_7.5t,219.8,262.0,59.2,,,,,,,,,
2024,2,,,,,,出貨/託運單,模擬資料,,,,,,下游客配(工廠→客戶),truck_20t,240.5,419.5,61.1,,,,,,,,,
2024,2,,,,,,出貨/託運單,模擬資料,,,,,,下游客配(工廠→客戶),truck_20t,64.2,419.1,73.3,,,,,,,,,
2024,2,,,,,,出貨/託運單,模擬資料,,,,,,下游客配(工廠→客戶),truck_7.5t,215.7,363.5,84.3,,,,,,,,,
2024,2,,,,,,出貨/託運單,模擬資料,,,,,,下游客配(工廠→客戶),truck_20t,180.0,379.5,67.0,,,,,,,,,
2024,2,,,,,,出貨/託運單,模擬資料,,,,,,下游客配(工廠→客戶),truck_20t,287.0,359.9,83.1,,,,,,,,,
2024,2,,,,,,出貨/託運單,模擬資料,,,,,,下游客配(工廠→客戶),truck_20t,147.3,425.0,69.7,,,,,,,,,
2024,2,,,,,,出貨/託運單,模擬資料,,,,,,下游客配(工廠→客戶),truck_20t,161.1,369.8,82.4,,,,,,,,,
2024,2,,,,,,出貨/託運單,模擬資料,,,,,,下游客配(工廠→客戶),truck_7.5t,147.2,412.1,77.3,,,,,,,,,
2024,2,,,,,,出貨/託運單,模擬資料,,,,,,下游客配(工廠→客戶),truck_7.5t,223.9,340.4,68.7,,,,,,,,,
2024,2,,,,,,出貨/託運單,模擬資料,,,,,,下游客配(工廠→客戶),truck_20t,226.8,501.3,62.7,,,,,,,,,
2024,2,,,,,,出貨/託運單,模擬資料,,,,,,下游客配(工廠→客戶),truck_20t,204.9,402.7,79.5,,,,,,,,,
2024,3,,,,,,出貨/託運單,模擬資料,,,,,,下游客配(工廠→客戶),truck_7.5t,211.7,298.1,78.9,,,,,,,,,
2024,3,,,,,,出貨/託運單,模擬資料,,,,,,下游客配(工廠→客戶),truck_7.5t,210.4,498.7,58.5,,,,,,,,,
2024,3,,,,,,出貨/託運單,模擬資料,,,,,,下游客配(工廠→客戶),truck_7.5t,101.3,338.0,59.6,,,,,,,,,
2024,3,,,,,,出貨/託運單,模擬資料,,,,,,下游客配(工廠→客戶),truck_7.5t,418.3,486.6,84.4,,,,,,,,,
2024,3,,,,,,出貨/託運單,模擬資料,,,,,,下游客配(工廠→客戶),truck_7.5t,205.1,383.4,63.1,,,,,,,,,
2024,3,,,,,,出貨/託運單,模擬資料,,,,,,下游客配(工廠→客戶),truck_20t,186.6,370.6,80.0,,,,,,,,,
2024,3,,,,,,出貨/託運單,模擬資料,,,,,,下游客配(工廠→客戶),truck_7.5t,196.1,422.7,70.0,,,,,,,,,
2024,3,,,,,,出貨/託運單,模擬資料,,,,,,下游客配(工廠→客戶),truck_20t,229.0,436.3,85.0,,,,,,,,,
2024,3,,,,,,出貨/託運單,模擬資料,,,,,,下游客配(工廠→客戶),truck_7.5t,329.7,353.6,84.3,,,,,,,,,
2024,3,,,,,,出貨/託運單,模擬資料,,,,,,下游客配(工廠→客戶),van,297.4,479.2,56.5,,,,,,,,,
2024,3,,,,,,出貨/託運單,模擬資料,,,,,,下游客配(工廠→客戶),van,137.0,409.9,80.0,,,,,,,,,
2024,3,,,,,,出貨/託運單,模擬資料,,,,,,下游客配(工廠→客戶),truck_7.5t,309.9,283.7,77.5,,,,,,,,,
2024,3,,,,,,出貨/託運單,模擬資料,,,,,,下游客配(工廠→客戶),truck_20t,133.0,333.9,59.3,,,,,,,,,
2024,3,,,,,,出貨/託運單,模擬資料,,,,,,下游客配(工廠→客戶),truck_7.5t,297.6,367.6,71.0,,,,,,,,,
2024,3,,,,,,出貨/託運單,模擬資料,,,,,,下游客配(工廠→客戶),van,248.4,265.1,68.1,,,,,,,,,
2024,3,,,,,,出貨/託運單,模擬資料,,,,,,下游客配(工廠→客戶),truck_7.5t,202.7,337.4,79.7,,,,,,,,,
2024,3,,,,,,出貨/託運單,模擬資料,,,,,,下游客配(工廠→客戶),truck_20t,198.4,350.5,79.7,,,,,,,,,
2024,3,,,,,,出貨/託運單,模擬資料,,,,,,下游客配(工廠→客戶),truck_7.5t,166.6,334.7,66.8,,,,,,,,,
2024,3,,,,,,出貨/託運單,模擬資料,,,,,,下游客配(工廠→客戶),van,220.4,483.7,70.1,,,,,,,,,
2024,3,,,,,,出貨/託運單,模擬資料,,,,,,下游客配(工廠→客戶),truck_7.5t,339.8,360.4,61.6,,,,,,,,,
2024,3,,,,,,出貨/託運單,模擬資料,,,,,,下游客配(工廠→客戶),van,217.0,307.9,57.6,,,,,,,,,
2024,3,,,,,,出貨/託運單,模擬資料,,,,,,下游客配(工廠→客戶),truck_20t,289.4,323.1,67.0,,,,,,,,,
2024,3,,,,,,出貨/託運單,模擬資料,,,,,,下游客配(工廠→客戶),truck_20t,235.6,452.4,68.5,,,,,,,,,
2024,3,,,,,,出貨/託運單,模擬資料,,,,,,下游客配(工廠→客戶),truck_7.5t,216.1,370.6,81.2,,,,,,,,,
2024,3,,,,,,出貨/託運單,模擬資料,,,,,,下游客配(工廠→客戶),truck_7.5t,130.5,223.9,63.7,,,,,,,,,
2024,3,,,,,,出貨/託運單,模擬資料,,,,,,下游客配(工廠→客戶),truck_20t,145.1,215.3,79.9,,,,,,,,,
2024,3,,,,,,出貨/託運單,模擬資料,,,,,,下游客配(工廠→客戶),van,186.4,533.0,73.0,,,,,,,,,
2024,3,,,,,,出貨/託運單,模擬資料,,,,,,下游客配(工廠→客戶),truck_20t,207.6,176.8,77.7,,,,,,,,,
2024,3,,,,,,出貨/託運單,模擬資料,,,,,,下游客配(工廠→客戶),truck_7.5t,161.1,206.4,63.1,,,,,,,,,
2024,3,,,,,,出貨/託運單,模擬資料,,,,,,下游客配(工廠→客戶),truck_20t,120.9,400.1,75.3,,,,,,,,,
2024,3,,,,,,出貨/託運單,模擬資料,,,,,,下游客配(工廠→客戶),truck_20t,215.2,420.8,81.8,,,,,,,,,
2024,3,,,,,,出貨/託運單,模擬資料,,,,,,下游客配(工廠→客戶),truck_20t,260.1,395.1,69.1,,,,,,,,,
2024,3,,,,,,出貨/託運單,模擬資料,,,,,,下游客配(工廠→客戶),truck_20t,197.5,456.7,61.5,,,,,,,,,
2024,3,,,,,,出貨/託運單,模擬資料,,,,,,下游客配(工廠→客戶),truck_20t,127.6,548.2,61.4,,,,,,,,,
2024,3,,,,,,出貨/託運單,模擬資料,,,,,,下游客配(工廠→客戶),truck_7.5t,120.8,258.4,60.3,,,,,,,,,
2024,3,,,,,,出貨/託運單,模擬資料,,,,,,下游客配(工廠→客戶),truck_7.5t,169.2,350.2,65.8,,,,,,,,,
2024,3,,,,,,出貨/託運單,模擬資料,,,,,,下游客配(工廠→客戶),truck_20t,380.3,275.6,73.3,,,,,,,,,
2024,3,,,,,,出貨/託運單,模擬資料,,,,,,下游客配(工廠→客戶),truck_7.5t,202.6,313.0,58.0,,,,,,,,,
2024,3,,,,,,出貨/託運單,模擬資料,,,,,,下游客配(工廠→客戶),truck_7.5t,85.6,227.7,58.7,,,,,,,,,
2024,3,,,,,,出貨/託運單,模擬資料,,,,,,下游客配(工廠→客戶),truck_20t,212.8,487.2,70.8,,,,,,,,,
2024,3,,,,,,出貨/託運單,模擬資料,,,,,,下游客配(工廠→客戶),van,151.1,435.1,64.7,,,,,,,,,
2024,3,,,,,,出貨/託運單,模擬資料,,,,,,下游客配(工廠→客戶),van,256.3,304.6,60.1,,,,,,,,,
2024,3,,,,,,出貨/託運單,模擬資料,,,,,,下游客配(工廠→客戶),van,130.7,252.2,84.1,,,,,,,,,
2024,3,,,,,,出貨/託運單,模擬資料,,,,,,下游客配(工廠→客戶),truck_7.5t,239.5,368.3,58.8,,,,,,,,,
2024,3,,,,,,出貨/託運單,模擬資料,,,,,,下游客配(工廠→客戶),truck_7.5t,260.5,414.8,81.0,,,,,,,,,
2024,3,,,,,,出貨/託運單,模擬資料,,,,,,下游客配(工廠→客戶),truck_7.5t,337.2,263.9,67.9,,,,,,,,,
2024,3,,,,,,出貨/託運單,模擬資料,,,,,,下游客配(工廠→客戶),truck_20t,186.3,366.5,66.7,,,,,,,,,
2024,3,,,,,,出貨/託運單,模擬資料,,,,,,下游客配(工廠→客戶),truck_20t,285.6,210.3,68.9,,,,,,,,,
2024,3,,,,,,出貨/託運單,模擬資料,,,,,,下游客配(工廠→客戶),truck_20t,163.8,389.0,65.4,,,,,,,,,
2024,3,,,,,,出貨/託運單,模擬資料,,,,,,下游客配(工廠→客戶),truck_7.5t,341.3,356.3,76.7,,,,,,,,,
2024,3,,,,,,出貨/託運單,模擬資料,,,,,,下游客配(工廠→客戶),truck_20t,273.3,369.4,77.7,,,,,,,,,
2024,3,,,,,,出貨/託運單,模擬資料,,,,,,下游客配(工廠→客戶),truck_7.5t,155.8,348.9,72.9,,,,,,,,,
2024,3,,,,,,出貨/託運單,模擬資料,,,,,,下游客配(工廠→客戶),truck_7.5t,326.7,417.0,66.8,,,,,,,,,
2024,3,,,,,,出貨/託運單,模擬資料,,,,,,下游客配(工廠→客戶),truck_20t,171.1,395.8,56.2,,,,,,,,,
2024,3,,,,,,出貨/託運單,模擬資料,,,,,,下游客配(工廠→客戶),van,242.2,515.5,77.3,,,,,,,,,
2024,3,,,,,,出貨/託運單,模擬資料,,,,,,下游客配(工廠→客戶),truck_20t,71.0,151.6,55.2,,,,,,,,,
2024,3,,,,,,出貨/託運單,模擬資料,,,,,,下游客配(工廠→客戶),truck_20t,120.5,384.0,66.2,,,,,,,,,
2024,3,,,,,,出貨/託運單,模擬資料,,,,,,下游客配(工廠→客戶),truck_7.5t,228.2,439.1,78.2,,,,,,,,,
2024,3,,,,,,出貨/託運單,模擬資料,,,,,,下游客配(工廠→客戶),truck_7.5t,234.6,155.6,83.9,,,,,,,,,
2024,3,,,,,,出貨/託運單,模擬資料,,,,,,下游客配(工廠→客戶),truck_20t,132.7,296.5,81.3,,,,,,,,,
2024,3,,,,,,出貨/託運單,模擬資料,,,,,,下游客配(工廠→客戶),truck_7.5t,260.2,159.9,71.9,,,,,,,,,
2024,3,,,,,,出貨/託運單,模擬資料,,,,,,下游客配(工廠→客戶),truck_20t,144.3,121.9,66.1,,,,,,,,,
2024,3,,,,,,出貨/託運單,模擬資料,,,,,,下游客配(工廠→客戶),truck_20t,131.0,326.6,80.1,,,,,,,,,
2024,3,,,,,,出貨/託運單,模擬資料,,,,,,下游客配(工廠→客戶),truck_7.5t,256.7,398.8,55.7,,,,,,,,,
2024,3,,,,,,出貨/託運單,模擬資料,,,,,,下游客配(工廠→客戶),truck_20t,109.1,396.1,59.9,,,,,,,,,
2024,3,,,,,,出貨/託運單,模擬資料,,,,,,下游客配(工廠→客戶),truck_7.5t,214.4,306.2,56.2,,,,,,,,,
2024,3,,,,,,出貨/託運單,模擬資料,,,,,,下游客配(工廠→客戶),van,237.1,452.9,59.2,,,,,,,,,
2024,3,,,,,,出貨/託運單,模擬資料,,,,,,下游客配(工廠→客戶),van,80.8,431.2,83.4,,,,,,,,,
2024,3,,,,,,出貨/託運單,模擬資料,,,,,,下游客配(工廠→客戶),van,245.7,385.9,57.4,,,,,,,,,
2024,3,,,,,,出貨/託運單,模擬資料,,,,,,下游客配(工廠→客戶),truck_7.5t,411.2,423.2,67.9,,,,,,,,,
2024,3,,,,,,出貨/託運單,模擬資料,,,,,,下游客配(工廠→客戶),truck_7.5t,247.6,401.1,84.8,,,,,,,,,
2024,3,,,,,,出貨/託運單,模擬資料,,,,,,下游客配(工廠→客戶),van,239.5,581.7,64.1,,,,,,,,,
2024,3,,,,,,出貨/託運單,模擬資料,,,,,,下游客配(工廠→客戶),truck_7.5t,197.8,349.5,80.1,,,,,,,,,
2024,3,,,,,,出貨/託運單,模擬資料,,,,,,下游客配(工廠→客戶),truck_20t,353.7,393.9,71.0,,,,,,,,,
2024,3,,,,,,出貨/託運單,模擬資料,,,,,,下游客配(工廠→客戶),van,186.5,311.3,68.4,,,,,,,,,
2024,3,,,,,,出貨/託運單,模擬資料,,,,,,下游客配(工廠→客戶),truck_7.5t,91.2,448.0,60.7,,,,,,,,,
2024,3,,,,,,出貨/託運單,模擬資料,,,,,,下游客配(工廠→客戶),truck_7.5t,134.9,396.2,81.0,,,,,,,,,
2024,3,,,,,,出貨/託運單,模擬資料,,,,,,下游客配(工廠→客戶),truck_7.5t,106.9,452.1,80.3,,,,,,,,,
2024,3,,,,,,出貨/託運單,模擬資料,,,,,,下游客配(工廠→客戶),truck_20t,214.3,205.9,71.4,,,,,,,,,
2024,3,,,,,,出貨/託運單,模擬資料,,,,,,下游客配(工廠→客戶),truck_7.5t,237.0,377.0,76.1,,,,,,,,,
2024,3,,,,,,出貨/託運單,模擬資料,,,,,,下游客配(工廠→客戶),van,193.1,84.8,65.8,,,,,,,,,
2024,3,,,,,,出貨/託運單,模擬資料,,,,,,下游客配(工廠→客戶),truck_20t,305.9,369.0,78.4,,,,,,,,,
2024,3,,,,,,出貨/託運單,模擬資料,,,,,,下游客配(工廠→客戶),van,167.6,272.1,56.1,,,,,,,,,
2024,3,,,,,,出貨/託運單,模擬資料,,,,,,下游客配(工廠→客戶),van,81.3,404.4,61.6,,,,,,,,,
2024,3,,,,,,出貨/託運單,模擬資料,,,,,,下游客配(工廠→客戶),truck_7.5t,257.4,342.5,62.1,,,,,,,,,
2024,3,,,,,,出貨/託運單,模擬資料,,,,,,下游客配(工廠→客戶),truck_7.5t,201.3,328.9,60.9,,,,,,,,,
2024,3,,,,,,出貨/託運單,模擬資料,,,,,,下游客配(工廠→客戶),truck_20t,234.4,426.7,73.8,,,,,,,,,
2024,3,,,,,,出貨/託運單,模擬資料,,,,,,下游客配(工廠→客戶),truck_20t,185.8,409.3,80.9,,,,,,,,,
2024,3,,,,,,出貨/託運單,模擬資料,,,,,,下游客配(工廠→客戶),van,314.5,481.0,61.8,,,,,,,,,
2024,3,,,,,,出貨/託運單,模擬資料,,,,,,下游客配(工廠→客戶),truck_7.5t,285.9,455.6,78.1,,,,,,,,,
2024,3,,,,,,出貨/託運單,模擬資料,,,,,,下游客配(工廠→客戶),truck_7.5t,244.1,339.9,74.6,,,,,,,,,
2024,3,,,,,,出貨/託運單,模擬資料,,,,,,下游客配(工廠→客戶),truck_7.5t,275.4,272.5,76.7,,,,,,,,,
2024,3,,,,,,出貨/託運單,模擬資料,,,,,,下游客配(工廠→客戶),van,196.5,431.6,58.2,,,,,,,,,
2024,3,,,,,,出貨/託運單,模擬資料,,,,,,下游客配(工廠→客戶),truck_7.5t,233.1,203.0,68.1,,,,,,,,,
2024,3,,,,,,出貨/託運單,模擬資料,,,,,,下游客配(工廠→客戶),truck_20t,126.2,76.3,67.7,,,,,,,,,
2024,4,,,,,,出貨/託運單,模擬資料,,,,,,下游客配(工廠→客戶),truck_7.5t,319.6,226.5,56.5,,,,,,,,,
2024,4,,,,,,出貨/託運單,模擬資料,,,,,,下游客配(工廠→客戶),truck_20t,325.2,583.3,69.3,,,,,,,,,
2024,4,,,,,,出貨/託運單,模擬資料,,,,,,下游客配(工廠→客戶),truck_20t,252.7,328.7,78.5,,,,,,,,,
2024,4,,,,,,出貨/託運單,模擬資料,,,,,,下游客配(工廠→客戶),truck_20t,207.8,500.8,73.9,,,,,,,,,
2024,4,,,,,,出貨/託運單,模擬資料,,,,,,下游客配(工廠→客戶),truck_20t,241.7,531.4,83.8,,,,,,,,,
2024,4,,,,,,出貨/託運單,模擬資料,,,,,,下游客配(工廠→客戶),truck_7.5t,249.1,278.0,70.2,,,,,,,,,
2024,4,,,,,,出貨/託運單,模擬資料,,,,,,下游客配(工廠→客戶),truck_7.5t,118.1,236.5,77.4,,,,,,,,,
2024,4,,,,,,出貨/託運單,模擬資料,,,,,,下游客配(工廠→客戶),truck_7.5t,297.0,370.5,77.4,,,,,,,,,
2024,4,,,,,,出貨/託運單,模擬資料,,,,,,下游客配(工廠→客戶),truck_7.5t,204.3,341.7,83.7,,,,,,,,,
2024,4,,,,,,出貨/託運單,模擬資料,,,,,,下游客配(工廠→客戶),van,338.8,322.5,70.9,,,,,,,,,
2024,4,,,,,,出貨/託運單,模擬資料,,,,,,下游客配(工廠→客戶),truck_7.5t,239.8,371.0,60.3,,,,,,,,,
2024,4,,,,,,出貨/託運單,模擬資料,,,,,,下游客配(工廠→客戶),van,117.1,444.3,63.2,,,,,,,,,
2024,4,,,,,,出貨/託運單,模擬資料,,,,,,下游客配(工廠→客戶),truck_7.5t,214.4,300.8,76.2,,,,,,,,,
2024,4,,,,,,出貨/託運單,模擬資料,,,,,,下游客配(工廠→客戶),truck_20t,136.5,326.1,77.4,,,,,,,,,
2024,4,,,,,,出貨/託運單,模擬資料,,,,,,下游客配(工廠→客戶),truck_7.5t,130.9,428.3,62.2,,,,,,,,,
2024,4,,,,,,出貨/託運單,模擬資料,,,,,,下游客配(工廠→客戶),truck_7.5t,239.8,487.2,66.8,,,,,,,,,
2024,4,,,,,,出貨/託運單,模擬資料,,,,,,下游客配(工廠→客戶),truck_7.5t,212.9,157.7,63.2,,,,,,,,,
2024,4,,,,,,出貨/託運單,模擬資料,,,,,,下游客配(工廠→客戶),truck_7.5t,255.5,366.5,66.1,,,,,,,,,
2024,4,,,,,,出貨/託運單,模擬資料,,,,,,下游客配(工廠→客戶),truck_20t,231.1,198.5,69.9,,,,,,,,,
2024,4,,,,,,出貨/託運單,模擬資料,,,,,,下游客配(工廠→客戶),truck_7.5t,76.7,329.7,73.4,,,,,,,,,
2024,4,,,,,,出貨/託運單,模擬資料,,,,,,下游客配(工廠→客戶),truck_20t,202.4,337.5,68.8,,,,,,,,,
2024,4,,,,,,出貨/託運單,模擬資料,,,,,,下游客配(工廠→客戶),truck_7.5t,203.7,475.1,69.8,,,,,,,,,
2024,4,,,,,,出貨/託運單,模擬資料,,,,,,下游客配(工廠→客戶),truck_20t,238.3,413.3,80.1,,,,,,,,,
2024,4,,,,,,出貨/託運單,模擬資料,,,,,,下游客配(工廠→客戶),truck_7.5t,146.9,552.8,80.4,,,,,,,,,
2024,4,,,,,,出貨/託運單,模擬資料,,,,,,下游客配(工廠→客戶),truck_7.5t,325.2,270.7,64.4,,,,,,,,,
2024,4,,,,,,出貨/託運單,模擬資料,,,,,,下游客配(工廠→客戶),van,208.4,382.7,83.2,,,,,,,,,
2024,4,,,,,,出貨/託運單,模擬資料,,,,,,下游客配(工廠→客戶),truck_20t,158.2,189.0,60.1,,,,,,,,,
2024,4,,,,,,出貨/託運單,模擬資料,,,,,,下游客配(工廠→客戶),van,163.8,209.6,67.1,,,,,,,,,
2024,4,,,,,,出貨/託運單,模擬資料,,,,,,下游客配(工廠→客戶),truck_20t,170.8,227.9,60.3,,,,,,,,,
2024,4,,,,,,出貨/託運單,模擬資料,,,,,,下游客配(工廠→客戶),truck_20t,205.5,437.7,59.2,,,,,,,,,
2024,4,,,,,,出貨/託運單,模擬資料,,,,,,下游客配(工廠→客戶),truck_20t,133.4,281.6,63.3,,,,,,,,,
2024,4,,,,,,出貨/託運單,模擬資料,,,,,,下游客配(工廠→客戶),van,227.7,248.3,68.0,,,,,,,,,
2024,4,,,,,,出貨/託運單,模擬資料,,,,,,下游客配(工廠→客戶),truck_20t,200.2,362.4,66.3,,,,,,,,,
2024,4,,,,,,出貨/託運單,模擬資料,,,,,,下游客配(工廠→客戶),van,125.1,220.5,72.1,,,,,,,,,
2024,4,,,,,,出貨/託運單,模擬資料,,,,,,下游客配(工廠→客戶),truck_7.5t,240.9,147.4,70.6,,,,,,,,,
2024,4,,,,,,出貨/託運單,模擬資料,,,,,,下游客配(工廠→客戶),truck_20t,165.4,412.8,77.4,,,,,,,,,
2024,4,,,,,,出貨/託運單,模擬資料,,,,,,下游客配(工廠→客戶),truck_20t,283.9,134.9,67.3,,,,,,,,,
2024,4,,,,,,出貨/託運單,模擬資料,,,,,,下游客配(工廠→客戶),van,114.5,226.9,75.7,,,,,,,,,
2024,4,,,,,,出貨/託運單,模擬資料,,,,,,下游客配(工廠→客戶),truck_20t,248.6,396.3,82.7,,,,,,,,,
2024,4,,,,,,出貨/託運單,模擬資料,,,,,,下游客配(工廠→客戶),truck_20t,139.1,511.5,57.9,,,,,,,,,
2024,4,,,,,,出貨/託運單,模擬資料,,,,,,下游客配(工廠→客戶),truck_7.5t,113.6,481.4,68.9,,,,,,,,,
2024,4,,,,,,出貨/託運單,模擬資料,,,,,,下游客配(工廠→客戶),truck_7.5t,230.1,408.8,79.1,,,,,,,,,
2024,4,,,,,,出貨/託運單,模擬資料,,,,,,下游客配(工廠→客戶),truck_20t,197.8,387.7,59.1,,,,,,,,,
2024,4,,,,,,出貨/託運單,模擬資料,,,,,,下游客配(工廠→客戶),truck_7.5t,254.3,294.9,80.4,,,,,,,,,
2024,4,,,,,,出貨/託運單,模擬資料,,,,,,下游客配(工廠→客戶),truck_20t,161.3,391.1,74.2,,,,,,,,,
2024,4,,,,,,出貨/託運單,模擬資料,,,,,,下游客配(工廠→客戶),truck_20t,300.6,433.1,80.5,,,,,,,,,
2024,4,,,,,,出貨/託運單,模擬資料,,,,,,下游客配(工廠→客戶),truck_20t,330.5,134.9,81.0,,,,,,,,,
2024,4,,,,,,出貨/託運單,模擬資料,,,,,,下游客配(工廠→客戶),truck_7.5t,156.2,242.9,58.8,,,,,,,,,
2024,4,,,,,,出貨/託運單,模擬資料,,,,,,下游客配(工廠→客戶),truck_20t,294.1,387.2,68.2,,,,,,,,,
2024,4,,,,,,出貨/託運單,模擬資料,,,,,,下游客配(工廠→客戶),truck_20t,201.3,360.8,79.6,,,,,,,,,
2024,4,,,,,,出貨/託運單,模擬資料,,,,,,下游客配(工廠→客戶),truck_7.5t,262.7,128.2,70.1,,,,,,,,,
2024,4,,,,,,出貨/託運單,模擬資料,,,,,,下游客配(工廠→客戶),truck_7.5t,300.2,348.6,78.6,,,,,,,,,
2024,4,,,,,,出貨/託運單,模擬資料,,,,,,下游客配(工廠→客戶),truck_7.5t,307.6,311.4,75.3,,,,,,,,,
2024,4,,,,,,出貨/託運單,模擬資料,,,,,,下游客配(工廠→客戶),truck_20t,103.2,337.3,83.8,,,,,,,,,
2024,4,,,,,,出貨/託運單,模擬資料,,,,,,下游客配(工廠→客戶),truck_20t,225.3,432.2,65.6,,,,,,,,,
2024,4,,,,,,出貨/託運單,模擬資料,,,,,,下游客配(工廠→客戶),truck_7.5t,345.5,350.1,57.8,,,,,,,,,
2024,4,,,,,,出貨/託運單,模擬資料,,,,,,下游客配(工廠→客戶),truck_20t,216.1,381.5,78.6,,,,,,,,,
2024,4,,,,,,出貨/託運單,模擬資料,,,,,,下游客配(工廠→客戶),truck_7.5t,100.9,351.4,64.0,,,,,,,,,
2024,4,,,,,,出貨/託運單,模擬資料,,,,,,下游客配(工廠→客戶),van,99.7,338.2,74.8,,,,,,,,,
2024,4,,,,,,出貨/託運單,模擬資料,,,,,,下游客配(工廠→客戶),van,195.8,290.3,76.4,,,,,,,,,
2024,4,,,,,,出貨/託運單,模擬資料,,,,,,下游客配(工廠→客戶),truck_20t,304.4,308.4,65.4,,,,,,,,,
2024,4,,,,,,出貨/託運單,模擬資料,,,,,,下游客配(工廠→客戶),truck_7.5t,233.9,308.3,83.4,,,,,,,,,
2024,4,,,,,,出貨/託運單,模擬資料,,,,,,下游客配(工廠→客戶),truck_20t,102.8,308.7,77.4,,,,,,,,,
2024,4,,,,,,出貨/託運單,模擬資料,,,,,,下游客配(工廠→客戶),van,126.1,377.1,78.4,,,,,,,,,
2024,4,,,,,,出貨/託運單,模擬資料,,,,,,下游客配(工廠→客戶),van,90.9,588.0,83.8,,,,,,,,,
2024,4,,,,,,出貨/託運單,模擬資料,,,,,,下游客配(工廠→客戶),truck_7.5t,226.2,312.6,70.9,,,,,,,,,
2024,4,,,,,,出貨/託運單,模擬資料,,,,,,下游客配(工廠→客戶),van,183.4,542.7,61.0,,,,,,,,,
2024,4,,,,,,出貨/託運單,模擬資料,,,,,,下游客配(工廠→客戶),van,174.2,344.3,72.4,,,,,,,,,
2024,5,,,,,,出貨/託運單,模擬資料,,,,,,下游客配(工廠→客戶),truck_20t,225.1,262.8,65.0,,,,,,,,,
2024,5,,,,,,出貨/託運單,模擬資料,,,,,,下游客配(工廠→客戶),truck_7.5t,119.6,418.2,58.6,,,,,,,,,
2024,5,,,,,,出貨/託運單,模擬資料,,,,,,下游客配(工廠→客戶),truck_7.5t,354.5,296.4,59.0,,,,,,,,,
2024,5,,,,,,出貨/託運單,模擬資料,,,,,,下游客配(工廠→客戶),truck_20t,177.9,269.7,73.9,,,,,,,,,
2024,5,,,,,,出貨/託運單,模擬資料,,,,,,下游客配(工廠→客戶),truck_7.5t,213.8,351.3,76.4,,,,,,,,,
2024,5,,,,,,出貨/託運單,模擬資料,,,,,,下游客配(工廠→客戶),truck_20t,281.9,310.4,60.1,,,,,,,,,
2024,5,,,,,,出貨/託運單,模擬資料,,,,,,下游客配(工廠→客戶),van,224.0,281.3,62.4,,,,,,,,,
2024,5,,,,,,出貨/託運單,模擬資料,,,,,,下游客配(工廠→客戶),truck_20t,121.6,408.6,80.7,,,,,,,,,
2024,5,,,,,,出貨/託運單,模擬資料,,,,,,下游客配(工廠→客戶),truck_7.5t,238.6,304.6,61.5,,,,,,,,,
2024,5,,,,,,出貨/託運單,模擬資料,,,,,,下游客配(工廠→客戶),truck_7.5t,171.4,285.6,72.1,,,,,,,,,
2024,5,,,,,,出貨/託運單,模擬資料,,,,,,下游客配(工廠→客戶),truck_7.5t,261.3,465.5,73.3,,,,,,,,,
2024,5,,,,,,出貨/託運單,模擬資料,,,,,,下游客配(工廠→客戶),truck_20t,221.1,261.1,75.2,,,,,,,,,
2024,5,,,,,,出貨/託運單,模擬資料,,,,,,下游客配(工廠→客戶),truck_7.5t,139.9,299.5,67.3,,,,,,,,,
2024,5,,,,,,出貨/託運單,模擬資料,,,,,,下游客配(工廠→客戶),truck_7.5t,276.6,243.2,77.3,,,,,,,,,
2024,5,,,,,,出貨/託運單,模擬資料,,,,,,下游客配(工廠→客戶),truck_20t,221.2,316.7,70.0,,,,,,,,,
2024,5,,,,,,出貨/託運單,模擬資料,,,,,,下游客配(工廠→客戶),truck_7.5t,237.4,467.5,70.9,,,,,,,,,
2024,5,,,,,,出貨/託運單,模擬資料,,,,,,下游客配(工廠→客戶),truck_20t,321.3,252.3,70.5,,,,,,,,,
2024,5,,,,,,出貨/託運單,模擬資料,,,,,,下游客配(工廠→客戶),truck_7.5t,145.2,126.1,69.0,,,,,,,,,
2024,5,,,,,,出貨/託運單,模擬資料,,,,,,下游客配(工廠→客戶),truck_20t,101.4,466.5,61.5,,,,,,,,,
2024,5,,,,,,出貨/託運單,模擬資料,,,,,,下游客配(工廠→客戶),van,215.4,200.8,78.1,,,,,,,,,
2024,5,,,,,,出貨/託運單,模擬資料,,,,,,下游客配(工廠→客戶),truck_7.5t,192.5,182.2,59.6,,,,,,,,,
2024,5,,,,,,出貨/託運單,模擬資料,,,,,,下游客配(工廠→客戶),truck_7.5t,184.1,305.9,64.8,,,,,,,,,
2024,5,,,,,,出貨/託運單,模擬資料,,,,,,下游客配(工廠→客戶),van,186.5,330.8,61.9,,,,,,,,,
2024,5,,,,,,出貨/託運單,模擬資料,,,,,,下游客配(工廠→客戶),van,216.0,405.8,80.5,,,,,,,,,
2024,5,,,,,,出貨/託運單,模擬資料,,,,,,下游客配(工廠→客戶),truck_7.5t,73.9,172.5,62.5,,,,,,,,,
2024,5,,,,,,出貨/託運單,模擬資料,,,,,,下游客配(工廠→客戶),truck_7.5t,182.7,376.3,84.7,,,,,,,,,
2024,5,,,,,,出貨/託運單,模擬資料,,,,,,下游客配(工廠→客戶),van,197.2,406.5,83.0,,,,,,,,,
2024,5,,,,,,出貨/託運單,模擬資料,,,,,,下游客配(工廠→客戶),truck_7.5t,262.4,477.3,64.1,,,,,,,,,
2024,5,,,,,,出貨/託運單,模擬資料,,,,,,下游客配(工廠→客戶),truck_7.5t,328.2,442.6,82.2,,,,,,,,,
2024,5,,,,,,出貨/託運單,模擬資料,,,,,,下游客配(工廠→客戶),truck_20t,220.1,431.7,71.4,,,,,,,,,
2024,5,,,,,,出貨/託運單,模擬資料,,,,,,下游客配(工廠→客戶),truck_20t,222.3,415.6,67.2,,,,,,,,,
2024,5,,,,,,出貨/託運單,模擬資料,,,,,,下游客配(工廠→客戶),truck_20t,151.2,501.9,58.8,,,,,,,,,
2024,5,,,,,,出貨/託運單,模擬資料,,,,,,下游客配(工廠→客戶),truck_7.5t,108.2,444.4,61.8,,,,,,,,,
2024,5,,,,,,出貨/託運單,模擬資料,,,,,,下游客配(工廠→客戶),truck_7.5t,135.5,363.1,64.5,,,,,,,,,
2024,5,,,,,,出貨/託運單,模擬資料,,,,,,下游客配(工廠→客戶),truck_7.5t,232.7,298.4,56.9,,,,,,,,,
2024,5,,,,,,出貨/託運單,模擬資料,,,,,,下游客配(工廠→客戶),truck_7.5t,166.2,405.6,80.5,,,,,,,,,
2024,5,,,,,,出貨/託運單,模擬資料,,,,,,下游客配(工廠→客戶),truck_20t,115.4,397.8,68.3,,,,,,,,,
2024,5,,,,,,出貨/託運單,模擬資料,,,,,,下游客配(工廠→客戶),truck_20t,289.7,495.6,55.3,,,,,,,,,
2024,5,,,,,,出貨/託運單,模擬資料,,,,,,下游客配(工廠→客戶),truck_20t,264.9,339.9,59.5,,,,,,,,,
2024,5,,,,,,出貨/託運單,模擬資料,,,,,,下游客配(工廠→客戶),truck_7.5t,175.5,443.7,73.0,,,,,,,,,
2024,5,,,,,,出貨/託運單,模擬資料,,,,,,下游客配(工廠→客戶),truck_20t,84.4,257.8,69.3,,,,,,,,,
2024,5,,,,,,出貨/託運單,模擬資料,,,,,,下游客配(工廠→客戶),truck_20t,98.9,496.8,65.6,,,,,,,,,
2024,5,,,,,,出貨/託運單,模擬資料,,,,,,下游客配(工廠→客戶),truck_7.5t,223.3,316.1,74.3,,,,,,,,,
2024,5,,,,,,出貨/託運單,模擬資料,,,,,,下游客配(工廠→客戶),truck_7.5t,230.4,257.9,76.4,,,,,,,,,
2024,5,,,,,,出貨/託運單,模擬資料,,,,,,下游客配(工廠→客戶),truck_20t,159.6,458.4,62.4,,,,,,,,,
2024,5,,,,,,出貨/託運單,模擬資料,,,,,,下游客配(工廠→客戶),truck_7.5t,174.1,334.4,67.4,,,,,,,,,
2024,5,,,,,,出貨/託運單,模擬資料,,,,,,下游客配(工廠→客戶),truck_20t,138.5,316.8,61.0,,,,,,,,,
2024,5,,,,,,出貨/託運單,模擬資料,,,,,,下游客配(工廠→客戶),truck_7.5t,206.6,417.9,83.6,,,,,,,,,
2024,5,,,,,,出貨/託運單,模擬資料,,,,,,下游客配(工廠→客戶),van,226.6,363.1,82.2,,,,,,,,,
2024,5,,,,,,出貨/託運單,模擬資料,,,,,,下游客配(工廠→客戶),truck_20t,252.7,285.1,80.5,,,,,,,,,
2024,5,,,,,,出貨/託運單,模擬資料,,,,,,下游客配(工廠→客戶),truck_7.5t,24.0,474.3,72.2,,,,,,,,,
2024,5,,,,,,出貨/託運單,模擬資料,,,,,,下游客配(工廠→客戶),truck_20t,110.4,329.5,76.9,,,,,,,,,
2024,5,,,,,,出貨/託運單,模擬資料,,,,,,下游客配(工廠→客戶),truck_20t,297.3,175.5,64.4,,,,,,,,,
2024,5,,,,,,出貨/託運單,模擬資料,,,,,,下游客配(工廠→客戶),van,142.8,304.0,60.2,,,,,,,,,
2024,5,,,,,,出貨/託運單,模擬資料,,,,,,下游客配(工廠→客戶),truck_20t,186.9,195.0,77.0,,,,,,,,,
2024,5,,,,,,出貨/託運單,模擬資料,,,,,,下游客配(工廠→客戶),truck_7.5t,331.5,230.4,80.6,,,,,,,,,
2024,5,,,,,,出貨/託運單,模擬資料,,,,,,下游客配(工廠→客戶),truck_20t,158.3,295.0,62.7,,,,,,,,,
2024,5,,,,,,出貨/託運單,模擬資料,,,,,,下游客配(工廠→客戶),van,59.0,242.1,57.7,,,,,,,,,
2024,5,,,,,,出貨/託運單,模擬資料,,,,,,下游客配(工廠→客戶),truck_7.5t,150.5,287.8,69.3,,,,,,,,,
2024,5,,,,,,出貨/託運單,模擬資料,,,,,,下游客配(工廠→客戶),truck_20t,233.7,365.4,80.4,,,,,,,,,
2024,5,,,,,,出貨/託運單,模擬資料,,,,,,下游客配(工廠→客戶),truck_20t,142.2,380.7,83.6,,,,,,,,,
2024,5,,,,,,出貨/託運單,模擬資料,,,,,,下游客配(工廠→客戶),truck_7.5t,173.8,332.5,69.7,,,,,,,,,
2024,5,,,,,,出貨/託運單,模擬資料,,,,,,下游客配(工廠→客戶),truck_20t,199.0,334.0,56.4,,,,,,,,,
2024,5,,,,,,出貨/託運單,模擬資料,,,,,,下游客配(工廠→客戶),truck_20t,209.6,382.9,67.4,,,,,,,,,
2024,5,,,,,,出貨/託運單,模擬資料,,,,,,下游客配(工廠→客戶),truck_7.5t,193.9,337.4,73.4,,,,,,,,,
2024,5,,,,,,出貨/託運單,模擬資料,,,,,,下游客配(工廠→客戶),truck_20t,271.4,231.3,55.4,,,,,,,,,
2024,5,,,,,,出貨/託運單,模擬資料,,,,,,下游客配(工廠→客戶),van,251.2,511.2,79.3,,,,,,,,,
2024,5,,,,,,出貨/託運單,模擬資料,,,,,,下游客配(工廠→客戶),van,197.9,363.0,55.7,,,,,,,,,
2024,5,,,,,,出貨/託運單,模擬資料,,,,,,下游客配(工廠→客戶),truck_7.5t,160.8,379.0,58.0,,,,,,,,,
2024,5,,,,,,出貨/託運單,模擬資料,,,,,,下游客配(工廠→客戶),truck_20t,255.3,397.5,73.0,,,,,,,,,
2024,5,,,,,,出貨/託運單,模擬資料,,,,,,下游客配(工廠→客戶),truck_20t,244.2,368.4,74.0,,,,,,,,,
2024,6,,,,,,出貨/託運單,模擬資料,,,,,,下游客配(工廠→客戶),truck_7.5t,183.5,572.6,71.4,,,,,,,,,
2024,6,,,,,,出貨/託運單,模擬資料,,,,,,下游客配(工廠→客戶),truck_20t,114.9,384.2,55.5,,,,,,,,,
2024,6,,,,,,出貨/託運單,模擬資料,,,,,,下游客配(工廠→客戶),truck_20t,301.6,253.4,69.4,,,,,,,,,
2024,6,,,,,,出貨/託運單,模擬資料,,,,,,下游客配(工廠→客戶),van,263.4,530.6,56.6,,,,,,,,,
2024,6,,,,,,出貨/託運單,模擬資料,,,,,,下游客配(工廠→客戶),truck_7.5t,227.5,512.7,57.7,,,,,,,,,
2024,6,,,,,,出貨/託運單,模擬資料,,,,,,下游客配(工廠→客戶),truck_7.5t,250.3,415.9,84.1,,,,,,,,,
2024,6,,,,,,出貨/託運單,模擬資料,,,,,,下游客配(工廠→客戶),truck_7.5t,211.0,372.5,68.4,,,,,,,,,
2024,6,,,,,,出貨/託運單,模擬資料,,,,,,下游客配(工廠→客戶),truck_7.5t,28.7,414.3,70.9,,,,,,,,,
2024,6,,,,,,出貨/託運單,模擬資料,,,,,,下游客配(工廠→客戶),van,180.5,485.6,55.9,,,,,,,,,
2024,6,,,,,,出貨/託運單,模擬資料,,,,,,下游客配(工廠→客戶),van,269.1,370.9,60.4,,,,,,,,,
2024,6,,,,,,出貨/託運單,模擬資料,,,,,,下游客配(工廠→客戶),truck_7.5t,237.2,264.6,65.5,,,,,,,,,
2024,6,,,,,,出貨/託運單,模擬資料,,,,,,下游客配(工廠→客戶),van,161.0,544.0,80.6,,,,,,,,,
2024,6,,,,,,出貨/託運單,模擬資料,,,,,,下游客配(工廠→客戶),van,251.9,423.4,65.3,,,,,,,,,
2024,6,,,,,,出貨/託運單,模擬資料,,,,,,下游客配(工廠→客戶),truck_20t,127.8,433.6,62.2,,,,,,,,,
2024,6,,,,,,出貨/託運單,模擬資料,,,,,,下游客配(工廠→客戶),truck_7.5t,258.0,395.2,73.2,,,,,,,,,
2024,6,,,,,,出貨/託運單,模擬資料,,,,,,下游客配(工廠→客戶),truck_20t,137.3,302.1,65.2,,,,,,,,,
2024,6,,,,,,出貨/託運單,模擬資料,,,,,,下游客配(工廠→客戶),truck_20t,243.3,386.2,60.3,,,,,,,,,
2024,6,,,,,,出貨/託運單,模擬資料,,,,,,下游客配(工廠→客戶),truck_20t,213.7,452.6,62.9,,,,,,,,,
2024,6,,,,,,出貨/託運單,模擬資料,,,,,,下游客配(工廠→客戶),truck_7.5t,114.7,327.2,63.2,,,,,,,,,
2024,6,,,,,,出貨/託運單,模擬資料,,,,,,下游客配(工廠→客戶),truck_7.5t,123.4,365.4,66.6,,,,,,,,,
2024,6,,,,,,出貨/託運單,模擬資料,,,,,,下游客配(工廠→客戶),truck_7.5t,150.1,153.0,55.8,,,,,,,,,
2024,6,,,,,,出貨/託運單,模擬資料,,,,,,下游客配(工廠→客戶),van,227.4,249.2,82.9,,,,,,,,,
2024,6,,,,,,出貨/託運單,模擬資料,,,,,,下游客配(工廠→客戶),van,182.3,350.9,78.2,,,,,,,,,
2024,6,,,,,,出貨/託運單,模擬資料,,,,,,下游客配(工廠→客戶),truck_20t,261.3,378.7,68.0,,,,,,,,,
2024,6,,,,,,出貨/託運單,模擬資料,,,,,,下游客配(工廠→客戶),truck_20t,272.5,369.1,82.9,,,,,,,,,
2024,6,,,,,,出貨/託運單,模擬資料,,,,,,下游客配(工廠→客戶),truck_20t,327.1,186.4,57.8,,,,,,,,,
2024,6,,,,,,出貨/託運單,模擬資料,,,,,,下游客配(工廠→客戶),van,271.6,291.5,79.0,,,,,,,,,
2024,6,,,,,,出貨/託運單,模擬資料,,,,,,下游客配(工廠→客戶),truck_20t,140.6,494.5,63.3,,,,,,,,,
2024,6,,,,,,出貨/託運單,模擬資料,,,,,,下游客配(工廠→客戶),van,251.7,397.5,63.0,,,,,,,,,
2024,6,,,,,,出貨/託運單,模擬資料,,,,,,下游客配(工廠→客戶),truck_7.5t,197.3,407.0,63.1,,,,,,,,,
2024,6,,,,,,出貨/託運單,模擬資料,,,,,,下游客配(工廠→客戶),van,271.6,380.6,70.1,,,,,,,,,
2024,6,,,,,,出貨/託運單,模擬資料,,,,,,下游客配(工廠→客戶),truck_20t,220.9,282.3,59.6,,,,,,,,,
2024,6,,,,,,出貨/託運單,模擬資料,,,,,,下游客配(工廠→客戶),truck_7.5t,178.3,571.8,79.7,,,,,,,,,
2024,6,,,,,,出貨/託運單,模擬資料,,,,,,下游客配(工廠→客戶),truck_7.5t,384.3,369.4,84.0,,,,,,,,,
2024,6,,,,,,出貨/託運單,模擬資料,,,,,,下游客配(工廠→客戶),truck_20t,190.7,283.3,60.1,,,,,,,,,
2024,6,,,,,,出貨/託運單,模擬資料,,,,,,下游客配(工廠→客戶),truck_7.5t,306.7,390.6,82.9,,,,,,,,,
2024,6,,,,,,出貨/託運單,模擬資料,,,,,,下游客配(工廠→客戶),truck_7.5t,244.4,619.6,56.8,,,,,,,,,
2024,6,,,,,,出貨/託運單,模擬資料,,,,,,下游客配(工廠→客戶),truck_7.5t,283.4,269.5,70.4,,,,,,,,,
2024,6,,,,,,出貨/託運單,模擬資料,,,,,,下游客配(工廠→客戶),truck_20t,268.7,353.9,83.1,,,,,,,,,
2024,6,,,,,,出貨/託運單,模擬資料,,,,,,下游客配(工廠→客戶),truck_7.5t,259.3,381.5,72.6,,,,,,,,,
2024,6,,,,,,出貨/託運單,模擬資料,,,,,,下游客配(工廠→客戶),truck_7.5t,162.4,425.0,58.1,,,,,,,,,
2024,6,,,,,,出貨/託運單,模擬資料,,,,,,下游客配(工廠→客戶),truck_20t,261.6,484.9,57.6,,,,,,,,,
2024,6,,,,,,出貨/託運單,模擬資料,,,,,,下游客配(工廠→客戶),van,92.9,630.0,64.4,,,,,,,,,
2024,6,,,,,,出貨/託運單,模擬資料,,,,,,下游客配(工廠→客戶),truck_20t,138.4,278.3,60.7,,,,,,,,,
2024,6,,,,,,出貨/託運單,模擬資料,,,,,,下游客配(工廠→客戶),truck_20t,219.7,392.2,57.0,,,,,,,,,
2024,6,,,,,,出貨/託運單,模擬資料,,,,,,下游客配(工廠→客戶),truck_7.5t,189.1,417.9,74.7,,,,,,,,,
2024,6,,,,,,出貨/託運單,模擬資料,,,,,,下游客配(工廠→客戶),truck_20t,143.8,181.2,81.3,,,,,,,,,
2024,6,,,,,,出貨/託運單,模擬資料,,,,,,下游客配(工廠→客戶),van,182.3,348.3,71.1,,,,,,,,,
2024,6,,,,,,出貨/託運單,模擬資料,,,,,,下游客配(工廠→客戶),truck_20t,149.0,429.7,62.6,,,,,,,,,
2024,6,,,,,,出貨/託運單,模擬資料,,,,,,下游客配(工廠→客戶),truck_20t,82.3,376.6,73.8,,,,,,,,,
2024,6,,,,,,出貨/託運單,模擬資料,,,,,,下游客配(工廠→客戶),truck_7.5t,157.4,339.3,78.2,,,,,,,,,
2024,6,,,,,,出貨/託運單,模擬資料,,,,,,下游客配(工廠→客戶),truck_7.5t,259.5,368.7,70.7,,,,,,,,,
2024,6,,,,,,出貨/託運單,模擬資料,,,,,,下游客配(工廠→客戶),van,247.5,316.2,67.9,,,,,,,,,
2024,6,,,,,,出貨/託運單,模擬資料,,,,,,下游客配(工廠→客戶),truck_7.5t,286.5,435.9,57.8,,,,,,,,,
2024,6,,,,,,出貨/託運單,模擬資料,,,,,,下游客配(工廠→客戶),truck_20t,217.0,276.8,70.2,,,,,,,,,
2024,6,,,,,,出貨/託運單,模擬資料,,,,,,下游客配(工廠→客戶),truck_7.5t,109.0,297.7,73.4,,,,,,,,,
2024,6,,,,,,出貨/託運單,模擬資料,,,,,,下游客配(工廠→客戶),truck_20t,158.8,368.3,56.1,,,,,,,,,
2024,6,,,,,,出貨/託運單,模擬資料,,,,,,下游客配(工廠→客戶),truck_20t,257.7,374.5,74.5,,,,,,,,,
2024,6,,,,,,出貨/託運單,模擬資料,,,,,,下游客配(工廠→客戶),truck_20t,138.4,406.6,76.1,,,,,,,,,
2024,6,,,,,,出貨/託運單,模擬資料,,,,,,下游客配(工廠→客戶),truck_7.5t,140.8,271.3,77.9,,,,,,,,,
2024,6,,,,,,出貨/託運單,模擬資料,,,,,,下游客配(工廠→客戶),truck_7.5t,194.0,273.4,76.2,,,,,,,,,
2024,6,,,,,,出貨/託運單,模擬資料,,,,,,下游客配(工廠→客戶),truck_20t,283.9,226.2,56.2,,,,,,,,,
2024,6,,,,,,出貨/託運單,模擬資料,,,,,,下游客配(工廠→客戶),truck_7.5t,162.4,208.1,76.9,,,,,,,,,
2024,6,,,,,,出貨/託運單,模擬資料,,,,,,下游客配(工廠→客戶),truck_20t,209.9,260.5,69.6,,,,,,,,,
2024,6,,,,,,出貨/託運單,模擬資料,,,,,,下游客配(工廠→客戶),truck_7.5t,130.9,459.2,67.9,,,,,,,,,
2024,6,,,,,,出貨/託運單,模擬資料,,,,,,下游客配(工廠→客戶),truck_7.5t,255.7,464.1,57.4,,,,,,,,,
2024,6,,,,,,出貨/託運單,模擬資料,,,,,,下游客配(工廠→客戶),van,202.0,373.3,63.6,,,,,,,,,
2024,6,,,,,,出貨/託運單,模擬資料,,,,,,下游客配(工廠→客戶),truck_20t,200.6,418.4,82.6,,,,,,,,,
2024,6,,,,,,出貨/託運單,模擬資料,,,,,,下游客配(工廠→客戶),truck_20t,137.5,400.0,57.4,,,,,,,,,
2024,6,,,,,,出貨/託運單,模擬資料,,,,,,下游客配(工廠→客戶),van,24.0,372.2,60.9,,,,,,,,,
2024,6,,,,,,出貨/託運單,模擬資料,,,,,,下游客配(工廠→客戶),van,73.1,307.5,66.3,,,,,,,,,
2024,6,,,,,,出貨/託運單,模擬資料,,,,,,下游客配(工廠→客戶),truck_7.5t,235.9,466.1,75.7,,,,,,,,,
2024,6,,,,,,出貨/託運單,模擬資料,,,,,,下游客配(工廠→客戶),truck_7.5t,380.0,427.0,57.1,,,,,,,,,
2024,6,,,,,,出貨/託運單,模擬資料,,,,,,下游客配(工廠→客戶),truck_7.5t,298.2,402.9,63.6,,,,,,,,,
2024,6,,,,,,出貨/託運單,模擬資料,,,,,,下游客配(工廠→客戶),truck_20t,282.8,471.8,80.1,,,,,,,,,
2024,6,,,,,,出貨/託運單,模擬資料,,,,,,下游客配(工廠→客戶),truck_7.5t,194.0,311.3,80.6,,,,,,,,,
2024,6,,,,,,出貨/託運單,模擬資料,,,,,,下游客配(工廠→客戶),truck_7.5t,184.7,94.8,78.9,,,,,,,,,
2024,6,,,,,,出貨/託運單,模擬資料,,,,,,下游客配(工廠→客戶),truck_7.5t,217.0,545.8,59.5,,,,,,,,,
2024,6,,,,,,出貨/託運單,模擬資料,,,,,,下游客配(工廠→客戶),truck_20t,236.1,439.3,81.6,,,,,,,,,
2024,6,,,,,,出貨/託運單,模擬資料,,,,,,下游客配(工廠→客戶),truck_7.5t,242.4,407.6,67.6,,,,,,,,,
2024,6,,,,,,出貨/託運單,模擬資料,,,,,,下游客配(工廠→客戶),truck_7.5t,196.5,574.5,64.8,,,,,,,,,
2024,6,,,,,,出貨/託運單,模擬資料,,,,,,下游客配(工廠→客戶),truck_7.5t,216.8,469.5,59.5,,,,,,,,,
2024,6,,,,,,出貨/託運單,模擬資料,,,,,,下游客配(工廠→客戶),truck_7.5t,321.8,146.9,75.8,,,,,,,,,
2024,6,,,,,,出貨/託運單,模擬資料,,,,,,下游客配(工廠→客戶),truck_7.5t,104.2,273.4,55.3,,,,,,,,,
2024,6,,,,,,出貨/託運單,模擬資料,,,,,,下游客配(工廠→客戶),truck_7.5t,222.1,312.8,56.3,,,,,,,,,
2024,6,,,,,,出貨/託運單,模擬資料,,,,,,下游客配(工廠→客戶),van,276.8,460.8,77.7,,,,,,,,,
2024,6,,,,,,出貨/託運單,模擬資料,,,,,,下游客配(工廠→客戶),truck_7.5t,202.4,162.7,84.7,,,,,,,,,
2024,6,,,,,,出貨/託運單,模擬資料,,,,,,下游客配(工廠→客戶),truck_20t,166.2,343.1,71.7,,,,,,,,,
2024,6,,,,,,出貨/託運單,模擬資料,,,,,,下游客配(工廠→客戶),van,260.8,422.5,81.8,,,,,,,,,
2024,6,,,,,,出貨/託運單,模擬資料,,,,,,下游客配(工廠→客戶),truck_20t,58.6,246.2,63.9,,,,,,,,,
2024,6,,,,,,出貨/託運單,模擬資料,,,,,,下游客配(工廠→客戶),truck_7.5t,329.1,476.1,84.2,,,,,,,,,
2024,6,,,,,,出貨/託運單,模擬資料,,,,,,下游客配(工廠→客戶),truck_7.5t,250.6,326.2,58.2,,,,,,,,,
2024,6,,,,,,出貨/託運單,模擬資料,,,,,,下游客配(工廠→客戶),truck_20t,188.1,467.5,82.9,,,,,,,,,
2024,6,,,,,,出貨/託運單,模擬資料,,,,,,下游客配(工廠→客戶),van,198.8,254.3,57.9,,,,,,,,,
2024,6,,,,,,出貨/託運單,模擬資料,,,,,,下游客配(工廠→客戶),truck_7.5t,40.4,325.9,75.8,,,,,,,,,
2024,6,,,,,,出貨/託運單,模擬資料,,,,,,下游客配(工廠→客戶),truck_7.5t,209.8,364.1,76.6,,,,,,,,,
2024,6,,,,,,出貨/託運單,模擬資料,,,,,,下游客配(工廠→客戶),truck_20t,178.8,212.8,83.7,,,,,,,,,
2024,7,,,,,,出貨/託運單,模擬資料,,,,,,下游客配(工廠→客戶),truck_7.5t,296.9,424.2,84.9,,,,,,,,,
2024,7,,,,,,出貨/託運單,模擬資料,,,,,,下游客配(工廠→客戶),truck_7.5t,96.5,427.8,69.4,,,,,,,,,
2024,7,,,,,,出貨/託運單,模擬資料,,,,,,下游客配(工廠→客戶),truck_7.5t,184.2,248.7,72.5,,,,,,,,,
2024,7,,,,,,出貨/託運單,模擬資料,,,,,,下游客配(工廠→客戶),truck_7.5t,183.9,416.5,74.2,,,,,,,,,
2024,7,,,,,,出貨/託運單,模擬資料,,,,,,下游客配(工廠→客戶),truck_7.5t,153.7,293.0,63.2,,,,,,,,,
2024,7,,,,,,出貨/託運單,模擬資料,,,,,,下游客配(工廠→客戶),van,45.2,326.0,57.7,,,,,,,,,
2024,7,,,,,,出貨/託運單,模擬資料,,,,,,下游客配(工廠→客戶),van,93.4,511.3,79.8,,,,,,,,,
2024,7,,,,,,出貨/託運單,模擬資料,,,,,,下游客配(工廠→客戶),truck_7.5t,162.4,490.2,68.4,,,,,,,,,
2024,7,,,,,,出貨/託運單,模擬資料,,,,,,下游客配(工廠→客戶),truck_20t,82.0,136.6,66.0,,,,,,,,,
2024,7,,,,,,出貨/託運單,模擬資料,,,,,,下游客配(工廠→客戶),truck_20t,223.3,318.2,66.2,,,,,,,,,
2024,7,,,,,,出貨/託運單,模擬資料,,,,,,下游客配(工廠→客戶),truck_7.5t,214.8,304.6,58.2,,,,,,,,,
2024,7,,,,,,出貨/託運單,模擬資料,,,,,,下游客配(工廠→客戶),truck_20t,142.7,458.6,78.2,,,,,,,,,
2024,7,,,,,,出貨/託運單,模擬資料,,,,,,下游客配(工廠→客戶),truck_20t,145.2,268.0,56.5,,,,,,,,,
2024,7,,,,,,出貨/託運單,模擬資料,,,,,,下游客配(工廠→客戶),van,221.0,347.5,71.6,,,,,,,,,
2024,7,,,,,,出貨/託運單,模擬資料,,,,,,下游客配(工廠→客戶),truck_7.5t,275.0,431.0,56.0,,,,,,,,,
2024,7,,,,,,出貨/託運單,模擬資料,,,,,,下游客配(工廠→客戶),truck_7.5t,271.4,316.0,63.3,,,,,,,,,
2024,7,,,,,,出貨/託運單,模擬資料,,,,,,下游客配(工廠→客戶),truck_7.5t,255.0,321.3,71.0,,,,,,,,,
2024,7,,,,,,出貨/託運單,模擬資料,,,,,,下游客配(工廠→客戶),truck_20t,287.7,368.6,58.6,,,,,,,,,
2024,7,,,,,,出貨/託運單,模擬資料,,,,,,下游客配(工廠→客戶),truck_20t,125.3,176.0,59.4,,,,,,,,,
2024,7,,,,,,出貨/託運單,模擬資料,,,,,,下游客配(工廠→客戶),truck_7.5t,165.4,245.9,59.9,,,,,,,,,
2024,7,,,,,,出貨/託運單,模擬資料,,,,,,下游客配(工廠→客戶),truck_7.5t,263.7,487.0,82.4,,,,,,,,,
2024,7,,,,,,出貨/託運單,模擬資料,,,,,,下游客配(工廠→客戶),truck_20t,239.6,318.4,79.9,,,,,,,,,
2024,7,,,,,,出貨/託運單,模擬資料,,,,,,下游客配(工廠→客戶),truck_7.5t,69.7,363.5,75.7,,,,,,,,,
2024,7,,,,,,出貨/託運單,模擬資料,,,,,,下游客配(工廠→客戶),truck_7.5t,346.8,333.1,78.4,,,,,,,,,
2024,7,,,,,,出貨/託運單,模擬資料,,,,,,下游客配(工廠→客戶),truck_20t,208.8,356.6,70.2,,,,,,,,,
2024,7,,,,,,出貨/託運單,模擬資料,,,,,,下游客配(工廠→客戶),truck_20t,315.2,441.4,70.8,,,,,,,,,
2024,7,,,,,,出貨/託運單,模擬資料,,,,,,下游客配(工廠→客戶),truck_7.5t,274.7,359.8,64.6,,,,,,,,,
2024,7,,,,,,出貨/託運單,模擬資料,,,,,,下游客配(工廠→客戶),van,294.5,286.8,74.3,,,,,,,,,
2024,7,,,,,,出貨/託運單,模擬資料,,,,,,下游客配(工廠→客戶),truck_20t,176.5,149.5,55.8,,,,,,,,,
2024,7,,,,,,出貨/託運單,模擬資料,,,,,,下游客配(工廠→客戶),truck_20t,288.6,383.9,73.5,,,,,,,,,
2024,7,,,,,,出貨/託運單,模擬資料,,,,,,下游客配(工廠→客戶),truck_20t,325.6,448.3,73.1,,,,,,,,,
2024,7,,,,,,出貨/託運單,模擬資料,,,,,,下游客配(工廠→客戶),truck_20t,172.7,330.5,74.6,,,,,,,,,
2024,7,,,,,,出貨/託運單,模擬資料,,,,,,下游客配(工廠→客戶),truck_7.5t,224.9,437.3,77.5,,,,,,,,,
2024,7,,,,,,出貨/託運單,模擬資料,,,,,,下游客配(工廠→客戶),truck_7.5t,256.0,497.9,75.9,,,,,,,,,
2024,7,,,,,,出貨/託運單,模擬資料,,,,,,下游客配(工廠→客戶),truck_20t,200.6,531.1,57.3,,,,,,,,,
2024,7,,,,,,出貨/託運單,模擬資料,,,,,,下游客配(工廠→客戶),truck_20t,211.0,425.5,65.0,,,,,,,,,
2024,7,,,,,,出貨/託運單,模擬資料,,,,,,下游客配(工廠→客戶),truck_20t,298.7,308.0,78.0,,,,,,,,,
2024,7,,,,,,出貨/託運單,模擬資料,,,,,,下游客配(工廠→客戶),truck_20t,203.4,374.0,63.9,,,,,,,,,
2024,7,,,,,,出貨/託運單,模擬資料,,,,,,下游客配(工廠→客戶),truck_20t,99.2,276.9,83.3,,,,,,,,,
2024,7,,,,,,出貨/託運單,模擬資料,,,,,,下游客配(工廠→客戶),truck_20t,245.4,406.1,68.7,,,,,,,,,
2024,7,,,,,,出貨/託運單,模擬資料,,,,,,下游客配(工廠→客戶),truck_20t,180.9,355.6,73.4,,,,,,,,,
2024,7,,,,,,出貨/託運單,模擬資料,,,,,,下游客配(工廠→客戶),truck_7.5t,252.0,193.4,81.6,,,,,,,,,
2024,7,,,,,,出貨/託運單,模擬資料,,,,,,下游客配(工廠→客戶),truck_7.5t,65.9,318.4,63.1,,,,,,,,,
2024,7,,,,,,出貨/託運單,模擬資料,,,,,,下游客配(工廠→客戶),van,276.4,158.5,79.7,,,,,,,,,
2024,7,,,,,,出貨/託運單,模擬資料,,,,,,下游客配(工廠→客戶),truck_7.5t,219.3,394.5,61.9,,,,,,,,,
2024,7,,,,,,出貨/託運單,模擬資料,,,,,,下游客配(工廠→客戶),truck_7.5t,148.2,468.8,71.8,,,,,,,,,
2024,7,,,,,,出貨/託運單,模擬資料,,,,,,下游客配(工廠→客戶),truck_7.5t,249.8,186.3,57.5,,,,,,,,,
2024,7,,,,,,出貨/託運單,模擬資料,,,,,,下游客配(工廠→客戶),truck_7.5t,229.2,501.4,70.6,,,,,,,,,
2024,7,,,,,,出貨/託運單,模擬資料,,,,,,下游客配(工廠→客戶),truck_20t,146.6,281.7,79.7,,,,,,,,,
2024,7,,,,,,出貨/託運單,模擬資料,,,,,,下游客配(工廠→客戶),van,285.7,264.9,72.2,,,,,,,,,
2024,7,,,,,,出貨/託運單,模擬資料,,,,,,下游客配(工廠→客戶),truck_20t,287.6,404.2,76.9,,,,,,,,,
2024,7,,,,,,出貨/託運單,模擬資料,,,,,,下游客配(工廠→客戶),truck_20t,260.9,389.7,84.8,,,,,,,,,
2024,7,,,,,,出貨/託運單,模擬資料,,,,,,下游客配(工廠→客戶),van,267.3,405.1,68.6,,,,,,,,,
2024,7,,,,,,出貨/託運單,模擬資料,,,,,,下游客配(工廠→客戶),truck_7.5t,236.7,478.8,58.2,,,,,,,,,
2024,7,,,,,,出貨/託運單,模擬資料,,,,,,下游客配(工廠→客戶),truck_20t,317.6,307.8,66.8,,,,,,,,,
2024,7,,,,,,出貨/託運單,模擬資料,,,,,,下游客配(工廠→客戶),truck_20t,151.4,473.2,81.9,,,,,,,,,
2024,7,,,,,,出貨/託運單,模擬資料,,,,,,下游客配(工廠→客戶),truck_20t,120.2,439.4,73.4,,,,,,,,,
2024,7,,,,,,出貨/託運單,模擬資料,,,,,,下游客配(工廠→客戶),van,187.8,302.1,72.5,,,,,,,,,
2024,7,,,,,,出貨/託運單,模擬資料,,,,,,下游客配(工廠→客戶),truck_7.5t,283.0,359.3,77.4,,,,,,,,,
2024,7,,,,,,出貨/託運單,模擬資料,,,,,,下游客配(工廠→客戶),truck_7.5t,166.8,294.3,59.6,,,,,,,,,
2024,7,,,,,,出貨/託運單,模擬資料,,,,,,下游客配(工廠→客戶),truck_7.5t,204.8,307.0,62.2,,,,,,,,,
2024,7,,,,,,出貨/託運單,模擬資料,,,,,,下游客配(工廠→客戶),truck_20t,212.9,281.6,83.5,,,,,,,,,
2024,7,,,,,,出貨/託運單,模擬資料,,,,,,下游客配(工廠→客戶),truck_20t,216.4,354.7,81.2,,,,,,,,,
2024,7,,,,,,出貨/託運單,模擬資料,,,,,,下游客配(工廠→客戶),truck_7.5t,302.9,426.0,66.8,,,,,,,,,
2024,7,,,,,,出貨/託運單,模擬資料,,,,,,下游客配(工廠→客戶),truck_7.5t,173.9,423.8,66.6,,,,,,,,,
2024,7,,,,,,出貨/託運單,模擬資料,,,,,,下游客配(工廠→客戶),truck_7.5t,147.1,266.9,81.8,,,,,,,,,
2024,7,,,,,,出貨/託運單,模擬資料,,,,,,下游客配(工廠→客戶),truck_20t,179.0,517.5,84.2,,,,,,,,,
2024,7,,,,,,出貨/託運單,模擬資料,,,,,,下游客配(工廠→客戶),truck_7.5t,79.4,258.5,61.8,,,,,,,,,
2024,7,,,,,,出貨/託運單,模擬資料,,,,,,下游客配(工廠→客戶),truck_20t,173.8,358.0,71.7,,,,,,,,,
2024,7,,,,,,出貨/託運單,模擬資料,,,,,,下游客配(工廠→客戶),truck_7.5t,248.4,342.7,67.3,,,,,,,,,
2024,7,,,,,,出貨/託運單,模擬資料,,,,,,下游客配(工廠→客戶),truck_20t,113.1,326.7,59.1,,,,,,,,,
2024,7,,,,,,出貨/託運單,模擬資料,,,,,,下游客配(工廠→客戶),van,196.5,321.6,64.0,,,,,,,,,
2024,7,,,,,,出貨/託運單,模擬資料,,,,,,下游客配(工廠→客戶),truck_20t,319.4,426.3,68.8,,,,,,,,,
2024,7,,,,,,出貨/託運單,模擬資料,,,,,,下游客配(工廠→客戶),truck_7.5t,242.3,337.0,72.3,,,,,,,,,
2024,7,,,,,,出貨/託運單,模擬資料,,,,,,下游客配(工廠→客戶),truck_7.5t,248.7,189.8,77.9,,,,,,,,,
2024,7,,,,,,出貨/託運單,模擬資料,,,,,,下游客配(工廠→客戶),truck_20t,166.3,455.6,60.6,,,,,,,,,
2024,7,,,,,,出貨/託運單,模擬資料,,,,,,下游客配(工廠→客戶),truck_20t,198.7,191.4,76.7,,,,,,,,,
2024,7,,,,,,出貨/託運單,模擬資料,,,,,,下游客配(工廠→客戶),truck_7.5t,141.7,237.2,78.9,,,,,,,,,
2024,7,,,,,,出貨/託運單,模擬資料,,,,,,下游客配(工廠→客戶),truck_7.5t,284.7,494.3,70.8,,,,,,,,,
2024,7,,,,,,出貨/託運單,模擬資料,,,,,,下游客配(工廠→客戶),truck_20t,153.9,397.8,64.5,,,,,,,,,
2024,7,,,,,,出貨/託運單,模擬資料,,,,,,下游客配(工廠→客戶),truck_7.5t,301.4,440.2,75.3,,,,,,,,,
2024,7,,,,,,出貨/託運單,模擬資料,,,,,,下游客配(工廠→客戶),van,24.0,398.4,79.0,,,,,,,,,
2024,7,,,,,,出貨/託運單,模擬資料,,,,,,下游客配(工廠→客戶),truck_20t,266.9,355.1,65.6,,,,,,,,,
2024,7,,,,,,出貨/託運單,模擬資料,,,,,,下游客配(工廠→客戶),truck_20t,220.9,346.4,59.1,,,,,,,,,
2024,7,,,,,,出貨/託運單,模擬資料,,,,,,下游客配(工廠→客戶),truck_20t,137.8,459.8,65.5,,,,,,,,,
2024,7,,,,,,出貨/託運單,模擬資料,,,,,,下游客配(工廠→客戶),van,228.9,193.5,71.2,,,,,,,,,
2024,8,,,,,,出貨/託運單,模擬資料,,,,,,下游客配(工廠→客戶),truck_20t,348.6,343.7,77.2,,,,,,,,,
2024,8,,,,,,出貨/託運單,模擬資料,,,,,,下游客配(工廠→客戶),truck_20t,340.4,235.0,73.8,,,,,,,,,
2024,8,,,,,,出貨/託運單,模擬資料,,,,,,下游客配(工廠→客戶),truck_20t,148.0,321.3,84.9,,,,,,,,,
2024,8,,,,,,出貨/託運單,模擬資料,,,,,,下游客配(工廠→客戶),van,154.6,493.6,58.6,,,,,,,,,
2024,8,,,,,,出貨/託運單,模擬資料,,,,,,下游客配(工廠→客戶),truck_7.5t,289.4,189.5,60.5,,,,,,,,,
2024,8,,,,,,出貨/託運單,模擬資料,,,,,,下游客配(工廠→客戶),truck_20t,204.0,314.9,75.8,,,,,,,,,
2024,8,,,,,,出貨/託運單,模擬資料,,,,,,下游客配(工廠→客戶),truck_20t,187.7,397.6,63.5,,,,,,,,,
2024,8,,,,,,出貨/託運單,模擬資料,,,,,,下游客配(工廠→客戶),truck_7.5t,129.8,463.6,63.6,,,,,,,,,
2024,8,,,,,,出貨/託運單,模擬資料,,,,,,下游客配(工廠→客戶),truck_20t,278.8,432.0,84.4,,,,,,,,,
2024,8,,,,,,出貨/託運單,模擬資料,,,,,,下游客配(工廠→客戶),truck_20t,280.0,308.8,79.4,,,,,,,,,
2024,8,,,,,,出貨/託運單,模擬資料,,,,,,下游客配(工廠→客戶),van,342.2,185.2,68.9,,,,,,,,,
2024,8,,,,,,出貨/託運單,模擬資料,,,,,,下游客配(工廠→客戶),truck_7.5t,257.5,452.9,74.5,,,,,,,,,
2024,8,,,,,,出貨/託運單,模擬資料,,,,,,下游客配(工廠→客戶),truck_7.5t,405.7,319.0,78.6,,,,,,,,,
2024,8,,,,,,出貨/託運單,模擬資料,,,,,,下游客配(工廠→客戶),truck_20t,143.2,404.7,61.3,,,,,,,,,
2024,8,,,,,,出貨/託運單,模擬資料,,,,,,下游客配(工廠→客戶),truck_7.5t,292.8,408.1,78.0,,,,,,,,,
2024,8,,,,,,出貨/託運單,模擬資料,,,,,,下游客配(工廠→客戶),truck_7.5t,211.9,361.0,79.5,,,,,,,,,
2024,8,,,,,,出貨/託運單,模擬資料,,,,,,下游客配(工廠→客戶),truck_20t,208.2,502.0,74.8,,,,,,,,,
2024,8,,,,,,出貨/託運單,模擬資料,,,,,,下游客配(工廠→客戶),truck_20t,264.6,465.6,70.8,,,,,,,,,
2024,8,,,,,,出貨/託運單,模擬資料,,,,,,下游客配(工廠→客戶),truck_20t,169.7,415.0,58.7,,,,,,,,,
2024,8,,,,,,出貨/託運單,模擬資料,,,,,,下游客配(工廠→客戶),van,145.3,443.9,56.1,,,,,,,,,
2024,8,,,,,,出貨/託運單,模擬資料,,,,,,下游客配(工廠→客戶),truck_20t,78.1,525.7,62.5,,,,,,,,,
2024,8,,,,,,出貨/託運單,模擬資料,,,,,,下游客配(工廠→客戶),truck_7.5t,170.3,305.3,67.0,,,,,,,,,
2024,8,,,,,,出貨/託運單,模擬資料,,,,,,下游客配(工廠→客戶),truck_20t,216.5,308.8,57.8,,,,,,,,,
2024,8,,,,,,出貨/託運單,模擬資料,,,,,,下游客配(工廠→客戶),truck_7.5t,270.2,434.9,61.7,,,,,,,,,
2024,8,,,,,,出貨/託運單,模擬資料,,,,,,下游客配(工廠→客戶),truck_7.5t,264.7,388.7,58.8,,,,,,,,,
2024,8,,,,,,出貨/託運單,模擬資料,,,,,,下游客配(工廠→客戶),truck_7.5t,348.6,348.8,73.3,,,,,,,,,
2024,8,,,,,,出貨/託運單,模擬資料,,,,,,下游客配(工廠→客戶),truck_7.5t,150.1,599.4,61.1,,,,,,,,,
2024,8,,,,,,出貨/託運單,模擬資料,,,,,,下游客配(工廠→客戶),truck_7.5t,251.5,264.4,82.9,,,,,,,,,
2024,8,,,,,,出貨/託運單,模擬資料,,,,,,下游客配(工廠→客戶),truck_20t,302.1,382.1,74.5,,,,,,,,,
2024,8,,,,,,出貨/託運單,模擬資料,,,,,,下游客配(工廠→客戶),truck_20t,257.8,465.2,72.0,,,,,,,,,
2024,8,,,,,,出貨/託運單,模擬資料,,,,,,下游客配(工廠→客戶),truck_7.5t,175.1,259.7,75.2,,,,,,,,,
2024,8,,,,,,出貨/託運單,模擬資料,,,,,,下游客配(工廠→客戶),truck_20t,204.8,453.7,80.6,,,,,,,,,
2024,8,,,,,,出貨/託運單,模擬資料,,,,,,下游客配(工廠→客戶),van,156.8,383.4,55.2,,,,,,,,,
2024,8,,,,,,出貨/託運單,模擬資料,,,,,,下游客配(工廠→客戶),van,191.5,372.1,72.7,,,,,,,,,
2024,8,,,,,,出貨/託運單,模擬資料,,,,,,下游客配(工廠→客戶),van,159.6,420.8,75.9,,,,,,,,,
2024,8,,,,,,出貨/託運單,模擬資料,,,,,,下游客配(工廠→客戶),truck_20t,252.7,239.3,81.5,,,,,,,,,
2024,8,,,,,,出貨/託運單,模擬資料,,,,,,下游客配(工廠→客戶),van,83.3,414.9,57.6,,,,,,,,,
2024,8,,,,,,出貨/託運單,模擬資料,,,,,,下游客配(工廠→客戶),van,224.4,178.1,61.7,,,,,,,,,
2024,8,,,,,,出貨/託運單,模擬資料,,,,,,下游客配(工廠→客戶),truck_7.5t,156.1,308.4,67.5,,,,,,,,,
2024,8,,,,,,出貨/託運單,模擬資料,,,,,,下游客配(工廠→客戶),truck_20t,270.2,445.8,81.3,,,,,,,,,
2024,8,,,,,,出貨/託運單,模擬資料,,,,,,下游客配(工廠→客戶),truck_7.5t,252.8,389.1,82.4,,,,,,,,,
2024,8,,,,,,出貨/託運單,模擬資料,,,,,,下游客配(工廠→客戶),truck_7.5t,157.1,328.1,55.4,,,,,,,,,
2024,8,,,,,,出貨/託運單,模擬資料,,,,,,下游客配(工廠→客戶),truck_20t,168.3,296.3,72.8,,,,,,,,,
2024,8,,,,,,出貨/託運單,模擬資料,,,,,,下游客配(工廠→客戶),truck_20t,153.9,367.5,63.5,,,,,,,,,
2024,8,,,,,,出貨/託運單,模擬資料,,,,,,下游客配(工廠→客戶),truck_7.5t,289.5,225.0,74.5,,,,,,,,,
2024,8,,,,,,出貨/託運單,模擬資料,,,,,,下游客配(工廠→客戶),truck_20t,298.3,364.0,79.6,,,,,,,,,
2024,8,,,,,,出貨/託運單,模擬資料,,,,,,下游客配(工廠→客戶),truck_20t,181.1,412.2,81.3,,,,,,,,,
2024,8,,,,,,出貨/託運單,模擬資料,,,,,,下游客配(工廠→客戶),truck_7.5t,241.7,145.4,73.2,,,,,,,,,
2024,8,,,,,,出貨/託運單,模擬資料,,,,,,下游客配(工廠→客戶),truck_20t,142.6,535.8,71.5,,,,,,,,,
2024,8,,,,,,出貨/託運單,模擬資料,,,,,,下游客配(工廠→客戶),truck_7.5t,124.3,381.5,79.7,,,,,,,,,
2024,8,,,,,,出貨/託運單,模擬資料,,,,,,下游客配(工廠→客戶),truck_20t,273.7,446.3,69.2,,,,,,,,,
2024,8,,,,,,出貨/託運單,模擬資料,,,,,,下游客配(工廠→客戶),truck_7.5t,162.3,330.1,57.9,,,,,,,,,
2024,8,,,,,,出貨/託運單,模擬資料,,,,,,下游客配(工廠→客戶),truck_7.5t,161.6,461.4,77.4,,,,,,,,,
2024,8,,,,,,出貨/託運單,模擬資料,,,,,,下游客配(工廠→客戶),truck_20t,187.1,496.5,58.3,,,,,,,,,
2024,8,,,,,,出貨/託運單,模擬資料,,,,,,下游客配(工廠→客戶),truck_7.5t,217.8,481.5,81.7,,,,,,,,,
2024,8,,,,,,出貨/託運單,模擬資料,,,,,,下游客配(工廠→客戶),truck_20t,331.2,381.8,76.3,,,,,,,,,
2024,8,,,,,,出貨/託運單,模擬資料,,,,,,下游客配(工廠→客戶),truck_20t,131.8,472.2,62.0,,,,,,,,,
2024,8,,,,,,出貨/託運單,模擬資料,,,,,,下游客配(工廠→客戶),truck_20t,34.8,328.5,72.1,,,,,,,,,
2024,8,,,,,,出貨/託運單,模擬資料,,,,,,下游客配(工廠→客戶),van,224.2,411.0,80.8,,,,,,,,,
2024,8,,,,,,出貨/託運單,模擬資料,,,,,,下游客配(工廠→客戶),truck_20t,214.0,238.2,56.9,,,,,,,,,
2024,8,,,,,,出貨/託運單,模擬資料,,,,,,下游客配(工廠→客戶),truck_7.5t,100.8,362.7,76.2,,,,,,,,,
2024,8,,,,,,出貨/託運單,模擬資料,,,,,,下游客配(工廠→客戶),truck_20t,213.7,555.0,74.1,,,,,,,,,
2024,8,,,,,,出貨/託運單,模擬資料,,,,,,下游客配(工廠→客戶),truck_7.5t,173.9,357.0,68.4,,,,,,,,,
2024,8,,,,,,出貨/託運單,模擬資料,,,,,,下游客配(工廠→客戶),truck_7.5t,207.0,284.7,62.5,,,,,,,,,
2024,8,,,,,,出貨/託運單,模擬資料,,,,,,下游客配(工廠→客戶),truck_20t,327.3,351.4,78.5,,,,,,,,,
2024,8,,,,,,出貨/託運單,模擬資料,,,,,,下游客配(工廠→客戶),truck_20t,183.8,233.1,61.5,,,,,,,,,
2024,8,,,,,,出貨/託運單,模擬資料,,,,,,下游客配(工廠→客戶),truck_20t,315.6,381.3,62.3,,,,,,,,,
2024,8,,,,,,出貨/託運單,模擬資料,,,,,,下游客配(工廠→客戶),truck_20t,388.1,354.3,67.3,,,,,,,,,
2024,8,,,,,,出貨/託運單,模擬資料,,,,,,下游客配(工廠→客戶),van,383.8,243.8,55.5,,,,,,,,,
2024,8,,,,,,出貨/託運單,模擬資料,,,,,,下游客配(工廠→客戶),truck_20t,265.5,479.9,81.1,,,,,,,,,
2024,8,,,,,,出貨/託運單,模擬資料,,,,,,下游客配(工廠→客戶),truck_20t,182.7,334.5,73.3,,,,,,,,,
2024,8,,,,,,出貨/託運單,模擬資料,,,,,,下游客配(工廠→客戶),truck_20t,269.3,334.0,74.8,,,,,,,,,
2024,8,,,,,,出貨/託運單,模擬資料,,,,,,下游客配(工廠→客戶),truck_7.5t,224.5,319.6,61.2,,,,,,,,,
2024,8,,,,,,出貨/託運單,模擬資料,,,,,,下游客配(工廠→客戶),truck_20t,292.1,299.4,81.2,,,,,,,,,
2024,8,,,,,,出貨/託運單,模擬資料,,,,,,下游客配(工廠→客戶),truck_7.5t,68.8,309.0,69.0,,,,,,,,,
2024,8,,,,,,出貨/託運單,模擬資料,,,,,,下游客配(工廠→客戶),truck_20t,161.1,398.6,62.7,,,,,,,,,
2024,8,,,,,,出貨/託運單,模擬資料,,,,,,下游客配(工廠→客戶),van,269.0,307.7,83.8,,,,,,,,,
2024,8,,,,,,出貨/託運單,模擬資料,,,,,,下游客配(工廠→客戶),truck_20t,208.8,386.2,64.9,,,,,,,,,
2024,8,,,,,,出貨/託運單,模擬資料,,,,,,下游客配(工廠→客戶),van,294.6,394.3,64.1,,,,,,,,,
2024,8,,,,,,出貨/託運單,模擬資料,,,,,,下游客配(工廠→客戶),truck_20t,155.9,350.8,68.5,,,,,,,,,
2024,8,,,,,,出貨/託運單,模擬資料,,,,,,下游客配(工廠→客戶),van,151.9,348.6,63.1,,,,,,,,,
2024,8,,,,,,出貨/託運單,模擬資料,,,,,,下游客配(工廠→客戶),truck_7.5t,250.9,324.1,64.9,,,,,,,,,
2024,8,,,,,,出貨/託運單,模擬資料,,,,,,下游客配(工廠→客戶),truck_7.5t,287.7,496.7,71.3,,,,,,,,,
2024,8,,,,,,出貨/託運單,模擬資料,,,,,,下游客配(工廠→客戶),van,183.5,352.7,67.8,,,,,,,,,
2024,8,,,,,,出貨/託運單,模擬資料,,,,,,下游客配(工廠→客戶),truck_7.5t,167.6,314.4,76.6,,,,,,,,,
2024,8,,,,,,出貨/託運單,模擬資料,,,,,,下游客配(工廠→客戶),truck_7.5t,394.0,379.1,78.3,,,,,,,,,
2024,8,,,,,,出貨/託運單,模擬資料,,,,,,下游客配(工廠→客戶),truck_20t,234.5,360.4,84.9,,,,,,,,,
2024,8,,,,,,出貨/託運單,模擬資料,,,,,,下游客配(工廠→客戶),truck_7.5t,277.9,278.8,77.1,,,,,,,,,
2024,8,,,,,,出貨/託運單,模擬資料,,,,,,下游客配(工廠→客戶),truck_7.5t,307.3,434.0,55.0,,,,,,,,,
2024,8,,,,,,出貨/託運單,模擬資料,,,,,,下游客配(工廠→客戶),truck_7.5t,125.4,194.4,60.6,,,,,,,,,
2024,8,,,,,,出貨/託運單,模擬資料,,,,,,下游客配(工廠→客戶),van,232.5,253.6,82.5,,,,,,,,,
2024,8,,,,,,出貨/託運單,模擬資料,,,,,,下游客配(工廠→客戶),truck_7.5t,132.4,431.0,59.3,,,,,,,,,
2024,8,,,,,,出貨/託運單,模擬資料,,,,,,下游客配(工廠→客戶),truck_7.5t,305.1,453.1,57.9,,,,,,,,,
2024,8,,,,,,出貨/託運單,模擬資料,,,,,,下游客配(工廠→客戶),truck_7.5t,347.5,284.7,84.6,,,,,,,,,
2024,8,,,,,,出貨/託運單,模擬資料,,,,,,下游客配(工廠→客戶),van,361.0,297.0,75.3,,,,,,,,,
2024,8,,,,,,出貨/託運單,模擬資料,,,,,,下游客配(工廠→客戶),van,272.2,309.9,55.1,,,,,,,,,
2024,8,,,,,,出貨/託運單,模擬資料,,,,,,下游客配(工廠→客戶),truck_7.5t,270.6,364.3,69.7,,,,,,,,,
2024,9,,,,,,出貨/託運單,模擬資料,,,,,,下游客配(工廠→客戶),truck_20t,303.5,382.6,80.9,,,,,,,,,
2024,9,,,,,,出貨/託運單,模擬資料,,,,,,下游客配(工廠→客戶),truck_20t,269.9,387.6,55.8,,,,,,,,,
2024,9,,,,,,出貨/託運單,模擬資料,,,,,,下游客配(工廠→客戶),truck_20t,126.1,280.9,66.6,,,,,,,,,
2024,9,,,,,,出貨/託運單,模擬資料,,,,,,下游客配(工廠→客戶),van,255.3,426.0,83.0,,,,,,,,,
2024,9,,,,,,出貨/託運單,模擬資料,,,,,,下游客配(工廠→客戶),truck_7.5t,245.7,355.9,74.5,,,,,,,,,
2024,9,,,,,,出貨/託運單,模擬資料,,,,,,下游客配(工廠→客戶),truck_7.5t,167.8,424.2,56.9,,,,,,,,,
2024,9,,,,,,出貨/託運單,模擬資料,,,,,,下游客配(工廠→客戶),truck_20t,135.0,309.5,76.0,,,,,,,,,
2024,9,,,,,,出貨/託運單,模擬資料,,,,,,下游客配(工廠→客戶),truck_20t,358.0,411.6,77.4,,,,,,,,,
2024,9,,,,,,出貨/託運單,模擬資料,,,,,,下游客配(工廠→客戶),truck_20t,199.6,283.9,64.9,,,,,,,,,
2024,9,,,,,,出貨/託運單,模擬資料,,,,,,下游客配(工廠→客戶),truck_20t,276.2,395.7,75.9,,,,,,,,,
2024,9,,,,,,出貨/託運單,模擬資料,,,,,,下游客配(工廠→客戶),truck_20t,235.5,383.0,60.8,,,,,,,,,
2024,9,,,,,,出貨/託運單,模擬資料,,,,,,下游客配(工廠→客戶),truck_7.5t,172.2,347.1,58.4,,,,,,,,,
2024,9,,,,,,出貨/託運單,模擬資料,,,,,,下游客配(工廠→客戶),van,111.1,334.7,59.0,,,,,,,,,
2024,9,,,,,,出貨/託運單,模擬資料,,,,,,下游客配(工廠→客戶),truck_7.5t,255.9,412.5,64.7,,,,,,,,,
2024,9,,,,,,出貨/託運單,模擬資料,,,,,,下游客配(工廠→客戶),truck_7.5t,152.9,392.7,64.0,,,,,,,,,
2024,9,,,,,,出貨/託運單,模擬資料,,,,,,下游客配(工廠→客戶),truck_7.5t,292.6,245.9,79.1,,,,,,,,,
2024,9,,,,,,出貨/託運單,模擬資料,,,,,,下游客配(工廠→客戶),truck_7.5t,271.9,363.8,71.6,,,,,,,,,
2024,9,,,,,,出貨/託運單,模擬資料,,,,,,下游客配(工廠→客戶),truck_7.5t,261.2,377.0,79.1,,,,,,,,,
2024,9,,,,,,出貨/託運單,模擬資料,,,,,,下游客配(工廠→客戶),van,164.7,216.2,56.3,,,,,,,,,
2024,9,,,,,,出貨/託運單,模擬資料,,,,,,下游客配(工廠→客戶),truck_20t,145.4,228.7,69.3,,,,,,,,,
2024,9,,,,,,出貨/託運單,模擬資料,,,,,,下游客配(工廠→客戶),truck_20t,113.6,229.2,77.9,,,,,,,,,
2024,9,,,,,,出貨/託運單,模擬資料,,,,,,下游客配(工廠→客戶),truck_7.5t,207.7,246.7,72.8,,,,,,,,,
2024,9,,,,,,出貨/託運單,模擬資料,,,,,,下游客配(工廠→客戶),van,289.8,340.2,79.6,,,,,,,,,
2024,9,,,,,,出貨/託運單,模擬資料,,,,,,下游客配(工廠→客戶),truck_7.5t,194.0,471.7,58.2,,,,,,,,,
2024,9,,,,,,出貨/託運單,模擬資料,,,,,,下游客配(工廠→客戶),van,250.5,327.1,57.8,,,,,,,,,
2024,9,,,,,,出貨/託運單,模擬資料,,,,,,下游客配(工廠→客戶),van,219.0,307.4,67.6,,,,,,,,,
2024,9,,,,,,出貨/託運單,模擬資料,,,,,,下游客配(工廠→客戶),truck_20t,289.2,261.6,76.6,,,,,,,,,
2024,9,,,,,,出貨/託運單,模擬資料,,,,,,下游客配(工廠→客戶),truck_7.5t,376.9,476.0,84.0,,,,,,,,,
2024,9,,,,,,出貨/託運單,模擬資料,,,,,,下游客配(工廠→客戶),truck_7.5t,96.4,368.2,55.8,,,,,,,,,
2024,9,,,,,,出貨/託運單,模擬資料,,,,,,下游客配(工廠→客戶),truck_20t,150.2,303.2,85.0,,,,,,,,,
2024,9,,,,,,出貨/託運單,模擬資料,,,,,,下游客配(工廠→客戶),truck_20t,260.3,235.4,55.8,,,,,,,,,
2024,9,,,,,,出貨/託運單,模擬資料,,,,,,下游客配(工廠→客戶),truck_7.5t,138.6,504.9,83.1,,,,,,,,,
2024,9,,,,,,出貨/託運單,模擬資料,,,,,,下游客配(工廠→客戶),van,295.0,412.4,56.9,,,,,,,,,
2024,9,,,,,,出貨/託運單,模擬資料,,,,,,下游客配(工廠→客戶),truck_20t,296.2,249.4,64.3,,,,,,,,,
2024,9,,,,,,出貨/託運單,模擬資料,,,,,,下游客配(工廠→客戶),truck_20t,250.9,384.8,79.0,,,,,,,,,
2024,9,,,,,,出貨/託運單,模擬資料,,,,,,下游客配(工廠→客戶),truck_20t,278.8,230.4,80.5,,,,,,,,,
2024,9,,,,,,出貨/託運單,模擬資料,,,,,,下游客配(工廠→客戶),van,114.8,355.7,63.2,,,,,,,,,
2024,9,,,,,,出貨/託運單,模擬資料,,,,,,下游客配(工廠→客戶),truck_7.5t,169.4,392.8,65.5,,,,,,,,,
2024,9,,,,,,出貨/託運單,模擬資料,,,,,,下游客配(工廠→客戶),truck_7.5t,223.7,327.6,70.6,,,,,,,,,
2024,9,,,,,,出貨/託運單,模擬資料,,,,,,下游客配(工廠→客戶),truck_7.5t,180.7,514.7,58.1,,,,,,,,,
2024,9,,,,,,出貨/託運單,模擬資料,,,,,,下游客配(工廠→客戶),truck_7.5t,193.5,356.3,72.7,,,,,,,,,
2024,9,,,,,,出貨/託運單,模擬資料,,,,,,下游客配(工廠→客戶),van,203.2,328.7,58.5,,,,,,,,,
2024,9,,,,,,出貨/託運單,模擬資料,,,,,,下游客配(工廠→客戶),truck_20t,285.2,251.3,65.7,,,,,,,,,
2024,9,,,,,,出貨/託運單,模擬資料,,,,,,下游客配(工廠→客戶),truck_20t,341.5,321.6,75.0,,,,,,,,,
2024,9,,,,,,出貨/託運單,模擬資料,,,,,,下游客配(工廠→客戶),truck_20t,162.7,485.2,72.9,,,,,,,,,
2024,9,,,,,,出貨/託運單,模擬資料,,,,,,下游客配(工廠→客戶),truck_7.5t,186.8,463.0,74.4,,,,,,,,,
2024,9,,,,,,出貨/託運單,模擬資料,,,,,,下游客配(工廠→客戶),truck_7.5t,180.4,386.6,56.1,,,,,,,,,
2024,9,,,,,,出貨/託運單,模擬資料,,,,,,下游客配(工廠→客戶),van,247.8,419.6,67.7,,,,,,,,,
2024,9,,,,,,出貨/託運單,模擬資料,,,,,,下游客配(工廠→客戶),truck_20t,255.6,374.5,83.6,,,,,,,,,
2024,9,,,,,,出貨/託運單,模擬資料,,,,,,下游客配(工廠→客戶),truck_20t,438.4,453.7,71.7,,,,,,,,,
2024,9,,,,,,出貨/託運單,模擬資料,,,,,,下游客配(工廠→客戶),truck_20t,143.4,427.6,83.3,,,,,,,,,
2024,9,,,,,,出貨/託運單,模擬資料,,,,,,下游客配(工廠→客戶),truck_7.5t,203.5,422.2,76.0,,,,,,,,,
2024,9,,,,,,出貨/託運單,模擬資料,,,,,,下游客配(工廠→客戶),truck_20t,204.4,442.9,82.8,,,,,,,,,
2024,9,,,,,,出貨/託運單,模擬資料,,,,,,下游客配(工廠→客戶),truck_7.5t,100.3,434.3,74.4,,,,,,,,,
2024,9,,,,,,出貨/託運單,模擬資料,,,,,,下游客配(工廠→客戶),truck_20t,281.5,434.8,82.2,,,,,,,,,
2024,9,,,,,,出貨/託運單,模擬資料,,,,,,下游客配(工廠→客戶),truck_20t,167.5,366.2,62.6,,,,,,,,,
2024,9,,,,,,出貨/託運單,模擬資料,,,,,,下游客配(工廠→客戶),truck_7.5t,80.2,356.7,59.0,,,,,,,,,
2024,9,,,,,,出貨/託運單,模擬資料,,,,,,下游客配(工廠→客戶),truck_7.5t,198.2,333.0,62.0,,,,,,,,,
2024,9,,,,,,出貨/託運單,模擬資料,,,,,,下游客配(工廠→客戶),truck_20t,190.9,203.7,80.5,,,,,,,,,
2024,9,,,,,,出貨/託運單,模擬資料,,,,,,下游客配(工廠→客戶),truck_7.5t,110.3,435.1,67.1,,,,,,,,,
2024,9,,,,,,出貨/託運單,模擬資料,,,,,,下游客配(工廠→客戶),truck_7.5t,254.8,377.0,81.4,,,,,,,,,
2024,9,,,,,,出貨/託運單,模擬資料,,,,,,下游客配(工廠→客戶),truck_7.5t,275.4,400.4,71.7,,,,,,,,,
2024,9,,,,,,出貨/託運單,模擬資料,,,,,,下游客配(工廠→客戶),truck_7.5t,171.3,100.4,64.9,,,,,,,,,
2024,9,,,,,,出貨/託運單,模擬資料,,,,,,下游客配(工廠→客戶),truck_7.5t,212.0,375.9,62.9,,,,,,,,,
2024,9,,,,,,出貨/託運單,模擬資料,,,,,,下游客配(工廠→客戶),van,251.0,270.9,81.4,,,,,,,,,
2024,9,,,,,,出貨/託運單,模擬資料,,,,,,下游客配(工廠→客戶),truck_20t,237.8,332.8,64.8,,,,,,,,,
2024,9,,,,,,出貨/託運單,模擬資料,,,,,,下游客配(工廠→客戶),truck_20t,109.6,212.5,55.0,,,,,,,,,
2024,9,,,,,,出貨/託運單,模擬資料,,,,,,下游客配(工廠→客戶),truck_20t,261.0,301.6,83.1,,,,,,,,,
2024,9,,,,,,出貨/託運單,模擬資料,,,,,,下游客配(工廠→客戶),truck_20t,232.3,333.3,68.5,,,,,,,,,
2024,9,,,,,,出貨/託運單,模擬資料,,,,,,下游客配(工廠→客戶),truck_20t,210.7,295.8,77.5,,,,,,,,,
2024,9,,,,,,出貨/託運單,模擬資料,,,,,,下游客配(工廠→客戶),van,104.5,311.9,64.3,,,,,,,,,
2024,9,,,,,,出貨/託運單,模擬資料,,,,,,下游客配(工廠→客戶),truck_20t,158.7,194.2,71.6,,,,,,,,,
2024,10,,,,,,出貨/託運單,模擬資料,,,,,,下游客配(工廠→客戶),van,197.3,273.2,82.3,,,,,,,,,
2024,10,,,,,,出貨/託運單,模擬資料,,,,,,下游客配(工廠→客戶),van,275.4,398.3,76.2,,,,,,,,,
2024,10,,,,,,出貨/託運單,模擬資料,,,,,,下游客配(工廠→客戶),truck_20t,126.2,214.5,77.5,,,,,,,,,
2024,10,,,,,,出貨/託運單,模擬資料,,,,,,下游客配(工廠→客戶),van,336.3,324.8,70.0,,,,,,,,,
2024,10,,,,,,出貨/託運單,模擬資料,,,,,,下游客配(工廠→客戶),truck_20t,213.1,211.6,73.3,,,,,,,,,
2024,10,,,,,,出貨/託運單,模擬資料,,,,,,下游客配(工廠→客戶),truck_7.5t,190.2,372.4,77.7,,,,,,,,,
2024,10,,,,,,出貨/託運單,模擬資料,,,,,,下游客配(工廠→客戶),van,284.0,371.1,72.1,,,,,,,,,
2024,10,,,,,,出貨/託運單,模擬資料,,,,,,下游客配(工廠→客戶),truck_7.5t,207.7,360.8,72.0,,,,,,,,,
2024,10,,,,,,出貨/託運單,模擬資料,,,,,,下游客配(工廠→客戶),truck_7.5t,243.0,630.2,63.3,,,,,,,,,
2024,10,,,,,,出貨/託運單,模擬資料,,,,,,下游客配(工廠→客戶),truck_7.5t,273.1,540.2,84.1,,,,,,,,,
2024,10,,,,,,出貨/託運單,模擬資料,,,,,,下游客配(工廠→客戶),van,223.7,327.3,60.2,,,,,,,,,
2024,10,,,,,,出貨/託運單,模擬資料,,,,,,下游客配(工廠→客戶),truck_7.5t,223.2,297.5,81.0,,,,,,,,,
2024,10,,,,,,出貨/託運單,模擬資料,,,,,,下游客配(工廠→客戶),truck_20t,219.3,550.3,68.0,,,,,,,,,
2024,10,,,,,,出貨/託運單,模擬資料,,,,,,下游客配(工廠→客戶),truck_7.5t,192.3,466.2,69.5,,,,,,,,,
2024,10,,,,,,出貨/託運單,模擬資料,,,,,,下游客配(工廠→客戶),truck_20t,213.3,308.3,59.9,,,,,,,,,
2024,10,,,,,,出貨/託運單,模擬資料,,,,,,下游客配(工廠→客戶),truck_20t,267.9,546.3,72.8,,,,,,,,,
2024,10,,,,,,出貨/託運單,模擬資料,,,,,,下游客配(工廠→客戶),truck_7.5t,148.1,382.7,71.3,,,,,,,,,
2024,10,,,,,,出貨/託運單,模擬資料,,,,,,下游客配(工廠→客戶),truck_7.5t,114.3,369.8,69.1,,,,,,,,,
2024,10,,,,,,出貨/託運單,模擬資料,,,,,,下游客配(工廠→客戶),truck_20t,364.6,407.2,80.6,,,,,,,,,
2024,10,,,,,,出貨/託運單,模擬資料,,,,,,下游客配(工廠→客戶),van,283.4,496.4,70.6,,,,,,,,,
2024,10,,,,,,出貨/託運單,模擬資料,,,,,,下游客配(工廠→客戶),truck_7.5t,255.6,465.2,82.8,,,,,,,,,
2024,10,,,,,,出貨/託運單,模擬資料,,,,,,下游客配(工廠→客戶),truck_20t,200.0,154.8,70.1,,,,,,,,,
2024,10,,,,,,出貨/託運單,模擬資料,,,,,,下游客配(工廠→客戶),truck_20t,280.0,312.1,79.4,,,,,,,,,
2024,10,,,,,,出貨/託運單,模擬資料,,,,,,下游客配(工廠→客戶),van,293.9,443.9,64.2,,,,,,,,,
2024,10,,,,,,出貨/託運單,模擬資料,,,,,,下游客配(工廠→客戶),truck_7.5t,198.9,368.6,68.4,,,,,,,,,
2024,10,,,,,,出貨/託運單,模擬資料,,,,,,下游客配(工廠→客戶),truck_7.5t,233.4,332.9,62.7,,,,,,,,,
2024,10,,,,,,出貨/託運單,模擬資料,,,,,,下游客配(工廠→客戶),van,293.7,456.3,78.8,,,,,,,,,
2024,10,,,,,,出貨/託運單,模擬資料,,,,,,下游客配(工廠→客戶),truck_7.5t,311.2,336.6,79.0,,,,,,,,,
2024,10,,,,,,出貨/託運單,模擬資料,,,,,,下游客配(工廠→客戶),truck_7.5t,334.7,375.5,63.8,,,,,,,,,
2024,10,,,,,,出貨/託運單,模擬資料,,,,,,下游客配(工廠→客戶),truck_20t,141.4,412.4,57.6,,,,,,,,,
2024,10,,,,,,出貨/託運單,模擬資料,,,,,,下游客配(工廠→客戶),van,293.5,299.9,81.5,,,,,,,,,
2024,10,,,,,,出貨/託運單,模擬資料,,,,,,下游客配(工廠→客戶),truck_7.5t,194.1,394.2,58.9,,,,,,,,,
2024,10,,,,,,出貨/託運單,模擬資料,,,,,,下游客配(工廠→客戶),truck_7.5t,263.3,361.2,55.1,,,,,,,,,
2024,10,,,,,,出貨/託運單,模擬資料,,,,,,下游客配(工廠→客戶),truck_7.5t,101.8,330.0,61.8,,,,,,,,,
2024,10,,,,,,出貨/託運單,模擬資料,,,,,,下游客配(工廠→客戶),truck_20t,120.7,396.9,81.7,,,,,,,,,
2024,10,,,,,,出貨/託運單,模擬資料,,,,,,下游客配(工廠→客戶),truck_20t,202.6,509.9,59.8,,,,,,,,,
2024,10,,,,,,出貨/託運單,模擬資料,,,,,,下游客配(工廠→客戶),truck_20t,119.8,405.2,63.3,,,,,,,,,
2024,10,,,,,,出貨/託運單,模擬資料,,,,,,下游客配(工廠→客戶),van,157.4,442.9,71.8,,,,,,,,,
2024,10,,,,,,出貨/託運單,模擬資料,,,,,,下游客配(工廠→客戶),truck_20t,245.1,345.2,60.7,,,,,,,,,
2024,10,,,,,,出貨/託運單,模擬資料,,,,,,下游客配(工廠→客戶),van,291.5,514.1,67.5,,,,,,,,,
2024,10,,,,,,出貨/託運單,模擬資料,,,,,,下游客配(工廠→客戶),van,130.7,288.7,61.5,,,,,,,,,
2024,10,,,,,,出貨/託運單,模擬資料,,,,,,下游客配(工廠→客戶),truck_20t,197.8,449.0,55.9,,,,,,,,,
2024,10,,,,,,出貨/託運單,模擬資料,,,,,,下游客配(工廠→客戶),truck_7.5t,156.5,415.8,77.7,,,,,,,,,
2024,10,,,,,,出貨/託運單,模擬資料,,,,,,下游客配(工廠→客戶),truck_20t,203.8,239.4,80.8,,,,,,,,,
2024,10,,,,,,出貨/託運單,模擬資料,,,,,,下游客配(工廠→客戶),truck_7.5t,130.3,428.9,61.1,,,,,,,,,
2024,10,,,,,,出貨/託運單,模擬資料,,,,,,下游客配(工廠→客戶),truck_7.5t,272.5,429.7,67.5,,,,,,,,,
2024,10,,,,,,出貨/託運單,模擬資料,,,,,,下游客配(工廠→客戶),van,172.2,355.7,82.3,,,,,,,,,
2024,10,,,,,,出貨/託運單,模擬資料,,,,,,下游客配(工廠→客戶),van,256.1,377.9,67.6,,,,,,,,,
2024,10,,,,,,出貨/託運單,模擬資料,,,,,,下游客配(工廠→客戶),truck_7.5t,221.6,557.2,72.3,,,,,,,,,
2024,10,,,,,,出貨/託運單,模擬資料,,,,,,下游客配(工廠→客戶),truck_7.5t,142.3,555.1,65.4,,,,,,,,,
2024,10,,,,,,出貨/託運單,模擬資料,,,,,,下游客配(工廠→客戶),van,212.4,307.5,72.1,,,,,,,,,
2024,10,,,,,,出貨/託運單,模擬資料,,,,,,下游客配(工廠→客戶),van,188.9,403.0,60.1,,,,,,,,,
2024,10,,,,,,出貨/託運單,模擬資料,,,,,,下游客配(工廠→客戶),truck_20t,88.2,305.2,57.8,,,,,,,,,
2024,10,,,,,,出貨/託運單,模擬資料,,,,,,下游客配(工廠→客戶),truck_20t,116.0,592.1,66.4,,,,,,,,,
2024,10,,,,,,出貨/託運單,模擬資料,,,,,,下游客配(工廠→客戶),van,97.4,437.4,71.3,,,,,,,,,
2024,10,,,,,,出貨/託運單,模擬資料,,,,,,下游客配(工廠→客戶),truck_20t,262.4,356.3,56.4,,,,,,,,,
2024,10,,,,,,出貨/託運單,模擬資料,,,,,,下游客配(工廠→客戶),truck_7.5t,82.6,315.5,75.5,,,,,,,,,
2024,10,,,,,,出貨/託運單,模擬資料,,,,,,下游客配(工廠→客戶),truck_7.5t,241.1,292.7,75.1,,,,,,,,,
2024,10,,,,,,出貨/託運單,模擬資料,,,,,,下游客配(工廠→客戶),truck_7.5t,152.4,299.8,77.8,,,,,,,,,
2024,10,,,,,,出貨/託運單,模擬資料,,,,,,下游客配(工廠→客戶),truck_7.5t,219.3,554.1,80.0,,,,,,,,,
2024,10,,,,,,出貨/託運單,模擬資料,,,,,,下游客配(工廠→客戶),truck_7.5t,268.3,420.6,69.3,,,,,,,,,
2024,10,,,,,,出貨/託運單,模擬資料,,,,,,下游客配(工廠→客戶),truck_20t,203.7,347.8,67.9,,,,,,,,,
2024,10,,,,,,出貨/託運單,模擬資料,,,,,,下游客配(工廠→客戶),truck_20t,233.1,488.3,62.5,,,,,,,,,
2024,10,,,,,,出貨/託運單,模擬資料,,,,,,下游客配(工廠→客戶),truck_7.5t,209.5,519.8,82.2,,,,,,,,,
2024,10,,,,,,出貨/託運單,模擬資料,,,,,,下游客配(工廠→客戶),van,318.5,218.2,84.2,,,,,,,,,
2024,10,,,,,,出貨/託運單,模擬資料,,,,,,下游客配(工廠→客戶),truck_7.5t,318.9,365.0,68.2,,,,,,,,,
2024,10,,,,,,出貨/託運單,模擬資料,,,,,,下游客配(工廠→客戶),truck_20t,260.9,429.0,70.3,,,,,,,,,
2024,10,,,,,,出貨/託運單,模擬資料,,,,,,下游客配(工廠→客戶),van,150.7,543.9,81.3,,,,,,,,,
2024,10,,,,,,出貨/託運單,模擬資料,,,,,,下游客配(工廠→客戶),van,185.1,398.6,70.3,,,,,,,,,
2024,10,,,,,,出貨/託運單,模擬資料,,,,,,下游客配(工廠→客戶),van,216.7,208.1,65.3,,,,,,,,,
2024,10,,,,,,出貨/託運單,模擬資料,,,,,,下游客配(工廠→客戶),truck_20t,251.1,373.1,60.0,,,,,,,,,
2024,10,,,,,,出貨/託運單,模擬資料,,,,,,下游客配(工廠→客戶),truck_20t,118.0,174.5,62.5,,,,,,,,,
2024,10,,,,,,出貨/託運單,模擬資料,,,,,,下游客配(工廠→客戶),truck_20t,166.5,418.6,65.1,,,,,,,,,
2024,10,,,,,,出貨/託運單,模擬資料,,,,,,下游客配(工廠→客戶),truck_7.5t,225.8,413.9,83.8,,,,,,,,,
2024,10,,,,,,出貨/託運單,模擬資料,,,,,,下游客配(工廠→客戶),truck_20t,128.7,385.7,69.7,,,,,,,,,
2024,10,,,,,,出貨/託運單,模擬資料,,,,,,下游客配(工廠→客戶),truck_20t,267.7,489.6,83.9,,,,,,,,,
2024,10,,,,,,出貨/託運單,模擬資料,,,,,,下游客配(工廠→客戶),truck_20t,308.4,233.1,61.8,,,,,,,,,
2024,10,,,,,,出貨/託運單,模擬資料,,,,,,下游客配(工廠→客戶),truck_20t,139.5,344.1,58.8,,,,,,,,,
2024,10,,,,,,出貨/託運單,模擬資料,,,,,,下游客配(工廠→客戶),truck_20t,162.6,274.4,64.7,,,,,,,,,
2024,10,,,,,,出貨/託運單,模擬資料,,,,,,下游客配(工廠→客戶),truck_7.5t,203.1,337.7,74.6,,,,,,,,,
2024,11,,,,,,出貨/託運單,模擬資料,,,,,,下游客配(工廠→客戶),truck_20t,264.1,405.2,55.5,,,,,,,,,
2024,11,,,,,,出貨/託運單,模擬資料,,,,,,下游客配(工廠→客戶),van,154.0,284.9,55.6,,,,,,,,,
2024,11,,,,,,出貨/託運單,模擬資料,,,,,,下游客配(工廠→客戶),truck_20t,236.2,403.7,83.1,,,,,,,,,
2024,11,,,,,,出貨/託運單,模擬資料,,,,,,下游客配(工廠→客戶),van,281.6,449.8,71.9,,,,,,,,,
2024,11,,,,,,出貨/託運單,模擬資料,,,,,,下游客配(工廠→客戶),truck_20t,261.5,381.9,67.8,,,,,,,,,
2024,11,,,,,,出貨/託運單,模擬資料,,,,,,下游客配(工廠→客戶),truck_20t,266.5,289.4,78.1,,,,,,,,,
2024,11,,,,,,出貨/託運單,模擬資料,,,,,,下游客配(工廠→客戶),truck_20t,183.9,366.8,76.7,,,,,,,,,
2024,11,,,,,,出貨/託運單,模擬資料,,,,,,下游客配(工廠→客戶),van,181.9,295.4,83.1,,,,,,,,,
2024,11,,,,,,出貨/託運單,模擬資料,,,,,,下游客配(工廠→客戶),van,261.5,196.0,67.4,,,,,,,,,
2024,11,,,,,,出貨/託運單,模擬資料,,,,,,下游客配(工廠→客戶),truck_20t,280.8,200.0,75.6,,,,,,,,,
2024,11,,,,,,出貨/託運單,模擬資料,,,,,,下游客配(工廠→客戶),truck_7.5t,170.5,332.9,75.5,,,,,,,,,
2024,11,,,,,,出貨/託運單,模擬資料,,,,,,下游客配(工廠→客戶),truck_7.5t,180.2,338.2,83.8,,,,,,,,,
2024,11,,,,,,出貨/託運單,模擬資料,,,,,,下游客配(工廠→客戶),truck_7.5t,124.4,340.9,62.1,,,,,,,,,
2024,11,,,,,,出貨/託運單,模擬資料,,,,,,下游客配(工廠→客戶),van,270.7,317.4,66.0,,,,,,,,,
2024,11,,,,,,出貨/託運單,模擬資料,,,,,,下游客配(工廠→客戶),truck_7.5t,300.2,353.8,79.1,,,,,,,,,
2024,11,,,,,,出貨/託運單,模擬資料,,,,,,下游客配(工廠→客戶),truck_7.5t,270.0,449.0,69.1,,,,,,,,,
2024,11,,,,,,出貨/託運單,模擬資料,,,,,,下游客配(工廠→客戶),van,255.3,400.4,83.5,,,,,,,,,
2024,11,,,,,,出貨/託運單,模擬資料,,,,,,下游客配(工廠→客戶),van,249.1,273.0,73.6,,,,,,,,,
2024,11,,,,,,出貨/託運單,模擬資料,,,,,,下游客配(工廠→客戶),van,82.6,396.0,58.3,,,,,,,,,
2024,11,,,,,,出貨/託運單,模擬資料,,,,,,下游客配(工廠→客戶),truck_7.5t,128.5,535.2,55.1,,,,,,,,,
2024,11,,,,,,出貨/託運單,模擬資料,,,,,,下游客配(工廠→客戶),truck_20t,180.5,531.0,76.5,,,,,,,,,
2024,11,,,,,,出貨/託運單,模擬資料,,,,,,下游客配(工廠→客戶),truck_7.5t,268.0,324.0,84.2,,,,,,,,,
2024,11,,,,,,出貨/託運單,模擬資料,,,,,,下游客配(工廠→客戶),truck_20t,96.5,419.5,82.9,,,,,,,,,
2024,11,,,,,,出貨/託運單,模擬資料,,,,,,下游客配(工廠→客戶),truck_7.5t,193.0,355.2,70.5,,,,,,,,,
2024,11,,,,,,出貨/託運單,模擬資料,,,,,,下游客配(工廠→客戶),truck_20t,286.8,388.9,64.3,,,,,,,,,
2024,11,,,,,,出貨/託運單,模擬資料,,,,,,下游客配(工廠→客戶),truck_7.5t,208.9,375.3,59.3,,,,,,,,,
2024,11,,,,,,出貨/託運單,模擬資料,,,,,,下游客配(工廠→客戶),van,178.1,330.7,66.2,,,,,,,,,
2024,11,,,,,,出貨/託運單,模擬資料,,,,,,下游客配(工廠→客戶),truck_7.5t,163.3,319.3,71.4,,,,,,,,,
2024,11,,,,,,出貨/託運單,模擬資料,,,,,,下游客配(工廠→客戶),van,194.4,509.8,81.0,,,,,,,,,
2024,11,,,,,,出貨/託運單,模擬資料,,,,,,下游客配(工廠→客戶),truck_20t,200.8,353.9,70.6,,,,,,,,,
2024,11,,,,,,出貨/託運單,模擬資料,,,,,,下游客配(工廠→客戶),truck_20t,232.6,442.0,61.5,,,,,,,,,
2024,11,,,,,,出貨/託運單,模擬資料,,,,,,下游客配(工廠→客戶),truck_20t,370.3,267.1,61.2,,,,,,,,,
2024,11,,,,,,出貨/託運單,模擬資料,,,,,,下游客配(工廠→客戶),van,236.3,497.4,59.2,,,,,,,,,
2024,11,,,,,,出貨/託運單,模擬資料,,,,,,下游客配(工廠→客戶),truck_7.5t,203.8,329.4,70.3,,,,,,,,,
2024,11,,,,,,出貨/託運單,模擬資料,,,,,,下游客配(工廠→客戶),truck_7.5t,349.2,388.4,65.3,,,,,,,,,
2024,11,,,,,,出貨/託運單,模擬資料,,,,,,下游客配(工廠→客戶),truck_20t,413.2,351.0,57.2,,,,,,,,,
2024,11,,,,,,出貨/託運單,模擬資料,,,,,,下游客配(工廠→客戶),truck_20t,162.6,416.7,60.3,,,,,,,,,
2024,11,,,,,,出貨/託運單,模擬資料,,,,,,下游客配(工廠→客戶),truck_20t,81.2,368.8,81.3,,,,,,,,,
2024,11,,,,,,出貨/託運單,模擬資料,,,,,,下游客配(工廠→客戶),truck_20t,244.4,320.8,83.3,,,,,,,,,
2024,11,,,,,,出貨/託運單,模擬資料,,,,,,下游客配(工廠→客戶),truck_20t,334.3,246.4,84.7,,,,,,,,,
2024,11,,,,,,出貨/託運單,模擬資料,,,,,,下游客配(工廠→客戶),truck_7.5t,335.8,400.1,64.5,,,,,,,,,
2024,11,,,,,,出貨/託運單,模擬資料,,,,,,下游客配(工廠→客戶),truck_20t,142.1,361.7,65.3,,,,,,,,,
2024,11,,,,,,出貨/託運單,模擬資料,,,,,,下游客配(工廠→客戶),van,244.9,237.2,59.3,,,,,,,,,
2024,11,,,,,,出貨/託運單,模擬資料,,,,,,下游客配(工廠→客戶),truck_7.5t,237.3,235.0,60.9,,,,,,,,,
2024,11,,,,,,出貨/託運單,模擬資料,,,,,,下游客配(工廠→客戶),truck_20t,305.0,391.1,59.2,,,,,,,,,
2024,11,,,,,,出貨/託運單,模擬資料,,,,,,下游客配(工廠→客戶),truck_7.5t,186.2,265.8,68.2,,,,,,,,,
2024,11,,,,,,出貨/託運單,模擬資料,,,,,,下游客配(工廠→客戶),truck_20t,114.2,243.3,57.2,,,,,,,,,
2024,11,,,,,,出貨/託運單,模擬資料,,,,,,下游客配(工廠→客戶),van,100.9,420.2,84.9,,,,,,,,,
2024,11,,,,,,出貨/託運單,模擬資料,,,,,,下游客配(工廠→客戶),truck_7.5t,239.1,298.9,64.7,,,,,,,,,
2024,11,,,,,,出貨/託運單,模擬資料,,,,,,下游客配(工廠→客戶),truck_20t,199.4,213.9,68.6,,,,,,,,,
2024,11,,,,,,出貨/託運單,模擬資料,,,,,,下游客配(工廠→客戶),truck_20t,140.6,206.9,65.7,,,,,,,,,
2024,11,,,,,,出貨/託運單,模擬資料,,,,,,下游客配(工廠→客戶),truck_20t,390.4,489.8,60.5,,,,,,,,,
2024,11,,,,,,出貨/託運單,模擬資料,,,,,,下游客配(工廠→客戶),truck_7.5t,198.4,145.3,73.4,,,,,,,,,
2024,11,,,,,,出貨/託運單,模擬資料,,,,,,下游客配(工廠→客戶),van,244.5,381.3,56.3,,,,,,,,,
2024,11,,,,,,出貨/託運單,模擬資料,,,,,,下游客配(工廠→客戶),truck_7.5t,263.9,254.2,68.6,,,,,,,,,
2024,11,,,,,,出貨/託運單,模擬資料,,,,,,下游客配(工廠→客戶),van,113.6,435.8,60.8,,,,,,,,,
2024,11,,,,,,出貨/託運單,模擬資料,,,,,,下游客配(工廠→客戶),truck_20t,270.4,258.6,83.4,,,,,,,,,
2024,11,,,,,,出貨/託運單,模擬資料,,,,,,下游客配(工廠→客戶),truck_20t,231.0,398.1,82.2,,,,,,,,,
2024,11,,,,,,出貨/託運單,模擬資料,,,,,,下游客配(工廠→客戶),truck_7.5t,322.6,366.5,71.4,,,,,,,,,
2024,11,,,,,,出貨/託運單,模擬資料,,,,,,下游客配(工廠→客戶),truck_20t,266.6,279.6,66.4,,,,,,,,,
2024,11,,,,,,出貨/託運單,模擬資料,,,,,,下游客配(工廠→客戶),truck_20t,74.2,485.6,59.1,,,,,,,,,
2024,11,,,,,,出貨/託運單,模擬資料,,,,,,下游客配(工廠→客戶),truck_7.5t,387.6,290.2,62.2,,,,,,,,,
2024,11,,,,,,出貨/託運單,模擬資料,,,,,,下游客配(工廠→客戶),truck_20t,71.8,362.5,75.1,,,,,,,,,
2024,11,,,,,,出貨/託運單,模擬資料,,,,,,下游客配(工廠→客戶),van,156.3,299.6,80.5,,,,,,,,,
2024,11,,,,,,出貨/託運單,模擬資料,,,,,,下游客配(工廠→客戶),truck_7.5t,183.2,409.6,79.0,,,,,,,,,
2024,11,,,,,,出貨/託運單,模擬資料,,,,,,下游客配(工廠→客戶),van,140.8,264.5,72.6,,,,,,,,,
2024,11,,,,,,出貨/託運單,模擬資料,,,,,,下游客配(工廠→客戶),truck_20t,231.8,209.9,75.9,,,,,,,,,
2024,11,,,,,,出貨/託運單,模擬資料,,,,,,下游客配(工廠→客戶),van,237.3,295.8,74.4,,,,,,,,,
2024,11,,,,,,出貨/託運單,模擬資料,,,,,,下游客配(工廠→客戶),truck_20t,271.8,431.5,67.2,,,,,,,,,
2024,11,,,,,,出貨/託運單,模擬資料,,,,,,下游客配(工廠→客戶),truck_20t,117.5,325.7,68.5,,,,,,,,,
2024,11,,,,,,出貨/託運單,模擬資料,,,,,,下游客配(工廠→客戶),van,247.7,252.1,64.3,,,,,,,,,
2024,11,,,,,,出貨/託運單,模擬資料,,,,,,下游客配(工廠→客戶),van,141.5,387.2,73.5,,,,,,,,,
2024,11,,,,,,出貨/託運單,模擬資料,,,,,,下游客配(工廠→客戶),truck_7.5t,167.1,417.8,77.9,,,,,,,,,
2024,11,,,,,,出貨/託運單,模擬資料,,,,,,下游客配(工廠→客戶),truck_7.5t,125.8,297.6,64.7,,,,,,,,,
2024,11,,,,,,出貨/託運單,模擬資料,,,,,,下游客配(工廠→客戶),truck_7.5t,377.2,386.2,82.2,,,,,,,,,
2024,11,,,,,,出貨/託運單,模擬資料,,,,,,下游客配(工廠→客戶),truck_7.5t,249.8,329.5,64.2,,,,,,,,,
2024,11,,,,,,出貨/託運單,模擬資料,,,,,,下游客配(工廠→客戶),truck_20t,234.5,394.7,76.8,,,,,,,,,
2024,11,,,,,,出貨/託運單,模擬資料,,,,,,下游客配(工廠→客戶),truck_20t,207.9,376.4,79.8,,,,,,,,,
2024,11,,,,,,出貨/託運單,模擬資料,,,,,,下游客配(工廠→客戶),truck_20t,216.4,329.2,63.0,,,,,,,,,
2024,11,,,,,,出貨/託運單,模擬資料,,,,,,下游客配(工廠→客戶),truck_20t,104.9,229.8,69.5,,,,,,,,,
2024,11,,,,,,出貨/託運單,模擬資料,,,,,,下游客配(工廠→客戶),truck_20t,261.7,298.2,66.6,,,,,,,,,
2024,11,,,,,,出貨/託運單,模擬資料,,,,,,下游客配(工廠→客戶),truck_7.5t,182.8,242.5,69.4,,,,,,,,,
2024,11,,,,,,出貨/託運單,模擬資料,,,,,,下游客配(工廠→客戶),van,227.6,290.4,73.8,,,,,,,,,
2024,11,,,,,,出貨/託運單,模擬資料,,,,,,下游客配(工廠→客戶),truck_20t,203.5,293.5,55.6,,,,,,,,,
2024,11,,,,,,出貨/託運單,模擬資料,,,,,,下游客配(工廠→客戶),truck_7.5t,112.1,357.0,78.9,,,,,,,,,
2024,11,,,,,,出貨/託運單,模擬資料,,,,,,下游客配(工廠→客戶),truck_20t,175.2,344.1,66.5,,,,,,,,,
2024,11,,,,,,出貨/託運單,模擬資料,,,,,,下游客配(工廠→客戶),truck_7.5t,208.9,445.4,75.7,,,,,,,,,
2024,11,,,,,,出貨/託運單,模擬資料,,,,,,下游客配(工廠→客戶),van,243.1,414.9,71.1,,,,,,,,,
2024,12,,,,,,出貨/託運單,模擬資料,,,,,,下游客配(工廠→客戶),truck_7.5t,258.4,428.5,82.2,,,,,,,,,
2024,12,,,,,,出貨/託運單,模擬資料,,,,,,下游客配(工廠→客戶),van,169.1,462.1,70.7,,,,,,,,,
2024,12,,,,,,出貨/託運單,模擬資料,,,,,,下游客配(工廠→客戶),truck_7.5t,156.7,399.9,74.2,,,,,,,,,
2024,12,,,,,,出貨/託運單,模擬資料,,,,,,下游客配(工廠→客戶),truck_20t,200.2,147.3,71.1,,,,,,,,,
2024,12,,,,,,出貨/託運單,模擬資料,,,,,,下游客配(工廠→客戶),van,128.5,495.9,84.9,,,,,,,,,
2024,12,,,,,,出貨/託運單,模擬資料,,,,,,下游客配(工廠→客戶),truck_20t,187.5,313.8,73.4,,,,,,,,,
2024,12,,,,,,出貨/託運單,模擬資料,,,,,,下游客配(工廠→客戶),truck_7.5t,221.6,442.6,76.8,,,,,,,,,
2024,12,,,,,,出貨/託運單,模擬資料,,,,,,下游客配(工廠→客戶),truck_7.5t,157.1,358.1,82.6,,,,,,,,,
2024,12,,,,,,出貨/託運單,模擬資料,,,,,,下游客配(工廠→客戶),truck_20t,379.9,432.4,57.1,,,,,,,,,
2024,12,,,,,,出貨/託運單,模擬資料,,,,,,下游客配(工廠→客戶),truck_7.5t,255.7,246.2,71.6,,,,,,,,,
2024,12,,,,,,出貨/託運單,模擬資料,,,,,,下游客配(工廠→客戶),van,247.4,438.5,58.5,,,,,,,,,
2024,12,,,,,,出貨/託運單,模擬資料,,,,,,下游客配(工廠→客戶),truck_7.5t,160.0,376.4,61.2,,,,,,,,,
2024,12,,,,,,出貨/託運單,模擬資料,,,,,,下游客配(工廠→客戶),truck_7.5t,41.9,434.5,77.4,,,,,,,,,
2024,12,,,,,,出貨/託運單,模擬資料,,,,,,下游客配(工廠→客戶),truck_7.5t,256.2,362.9,68.5,,,,,,,,,
2024,12,,,,,,出貨/託運單,模擬資料,,,,,,下游客配(工廠→客戶),truck_20t,157.8,412.5,68.5,,,,,,,,,
2024,12,,,,,,出貨/託運單,模擬資料,,,,,,下游客配(工廠→客戶),truck_20t,165.1,453.6,75.4,,,,,,,,,
2024,12,,,,,,出貨/託運單,模擬資料,,,,,,下游客配(工廠→客戶),truck_20t,144.0,430.3,60.5,,,,,,,,,
2024,12,,,,,,出貨/託運單,模擬資料,,,,,,下游客配(工廠→客戶),truck_7.5t,288.7,351.5,61.6,,,,,,,,,
2024,12,,,,,,出貨/託運單,模擬資料,,,,,,下游客配(工廠→客戶),van,289.2,266.2,71.7,,,,,,,,,
2024,12,,,,,,出貨/託運單,模擬資料,,,,,,下游客配(工廠→客戶),van,140.2,353.2,77.0,,,,,,,,,
2024,12,,,,,,出貨/託運單,模擬資料,,,,,,下游客配(工廠→客戶),truck_7.5t,143.3,379.4,66.5,,,,,,,,,
2024,12,,,,,,出貨/託運單,模擬資料,,,,,,下游客配(工廠→客戶),truck_7.5t,236.5,691.6,79.8,,,,,,,,,
2024,12,,,,,,出貨/託運單,模擬資料,,,,,,下游客配(工廠→客戶),truck_7.5t,222.8,183.3,62.9,,,,,,,,,
2024,12,,,,,,出貨/託運單,模擬資料,,,,,,下游客配(工廠→客戶),truck_7.5t,187.5,193.6,79.0,,,,,,,,,
2024,12,,,,,,出貨/託運單,模擬資料,,,,,,下游客配(工廠→客戶),truck_7.5t,166.7,279.5,70.9,,,,,,,,,
2024,12,,,,,,出貨/託運單,模擬資料,,,,,,下游客配(工廠→客戶),truck_7.5t,291.8,488.5,69.0,,,,,,,,,
2024,12,,,,,,出貨/託運單,模擬資料,,,,,,下游客配(工廠→客戶),van,254.4,232.5,81.6,,,,,,,,,
2024,12,,,,,,出貨/託運單,模擬資料,,,,,,下游客配(工廠→客戶),truck_7.5t,134.1,389.2,70.4,,,,,,,,,
2024,12,,,,,,出貨/託運單,模擬資料,,,,,,下游客配(工廠→客戶),truck_20t,292.4,408.4,77.7,,,,,,,,,
2024,12,,,,,,出貨/託運單,模擬資料,,,,,,下游客配(工廠→客戶),truck_20t,138.9,288.4,56.3,,,,,,,,,
2024,12,,,,,,出貨/託運單,模擬資料,,,,,,下游客配(工廠→客戶),truck_7.5t,64.8,392.3,76.0,,,,,,,,,
2024,12,,,,,,出貨/託運單,模擬資料,,,,,,下游客配(工廠→客戶),truck_20t,114.0,367.6,58.9,,,,,,,,,
2024,12,,,,,,出貨/託運單,模擬資料,,,,,,下游客配(工廠→客戶),truck_20t,244.8,396.9,61.5,,,,,,,,,
2024,12,,,,,,出貨/託運單,模擬資料,,,,,,下游客配(工廠→客戶),van,288.2,563.7,57.0,,,,,,,,,
2024,12,,,,,,出貨/託運單,模擬資料,,,,,,下游客配(工廠→客戶),truck_7.5t,308.0,263.7,67.1,,,,,,,,,
2024,12,,,,,,出貨/託運單,模擬資料,,,,,,下游客配(工廠→客戶),truck_20t,69.1,202.6,75.6,,,,,,,,,
2024,12,,,,,,出貨/託運單,模擬資料,,,,,,下游客配(工廠→客戶),van,254.9,169.0,65.5,,,,,,,,,
2024,12,,,,,,出貨/託運單,模擬資料,,,,,,下游客配(工廠→客戶),truck_7.5t,216.6,335.3,65.3,,,,,,,,,
2024,12,,,,,,出貨/託運單,模擬資料,,,,,,下游客配(工廠→客戶),van,218.5,327.0,78.9,,,,,,,,,
2024,12,,,,,,出貨/託運單,模擬資料,,,,,,下游客配(工廠→客戶),truck_7.5t,207.4,347.2,83.0,,,,,,,,,
2024,12,,,,,,出貨/託運單,模擬資料,,,,,,下游客配(工廠→客戶),truck_20t,339.8,405.8,79.7,,,,,,,,,
2024,12,,,,,,出貨/託運單,模擬資料,,,,,,下游客配(工廠→客戶),truck_7.5t,451.5,412.1,61.0,,,,,,,,,
2024,12,,,,,,出貨/託運單,模擬資料,,,,,,下游客配(工廠→客戶),truck_20t,244.6,400.2,80.2,,,,,,,,,
2024,12,,,,,,出貨/託運單,模擬資料,,,,,,下游客配(工廠→客戶),truck_20t,299.7,446.9,57.0,,,,,,,,,
2024,12,,,,,,出貨/託運單,模擬資料,,,,,,下游客配(工廠→客戶),truck_20t,304.5,495.1,55.5,,,,,,,,,
2024,12,,,,,,出貨/託運單,模擬資料,,,,,,下游客配(工廠→客戶),van,210.3,381.7,58.8,,,,,,,,,
2024,12,,,,,,出貨/託運單,模擬資料,,,,,,下游客配(工廠→客戶),truck_20t,140.5,278.5,78.0,,,,,,,,,
2024,12,,,,,,出貨/託運單,模擬資料,,,,,,下游客配(工廠→客戶),truck_7.5t,231.5,357.4,60.5,,,,,,,,,
2024,12,,,,,,出貨/託運單,模擬資料,,,,,,下游客配(工廠→客戶),truck_7.5t,196.7,500.7,81.8,,,,,,,,,
2024,12,,,,,,出貨/託運單,模擬資料,,,,,,下游客配(工廠→客戶),truck_20t,159.1,183.7,69.6,,,,,,,,,
2024,12,,,,,,出貨/託運單,模擬資料,,,,,,下游客配(工廠→客戶),truck_7.5t,324.8,467.3,74.8,,,,,,,,,
2024,12,,,,,,出貨/託運單,模擬資料,,,,,,下游客配(工廠→客戶),van,182.4,467.4,72.7,,,,,,,,,
2024,12,,,,,,出貨/託運單,模擬資料,,,,,,下游客配(工廠→客戶),truck_7.5t,158.4,314.2,58.6,,,,,,,,,
2024,12,,,,,,出貨/託運單,模擬資料,,,,,,下游客配(工廠→客戶),truck_20t,124.5,342.3,60.1,,,,,,,,,
2024,12,,,,,,出貨/託運單,模擬資料,,,,,,下游客配(工廠→客戶),truck_7.5t,244.3,537.0,55.8,,,,,,,,,
2024,12,,,,,,出貨/託運單,模擬資料,,,,,,下游客配(工廠→客戶),truck_20t,188.8,337.0,69.1,,,,,,,,,
2024,12,,,,,,出貨/託運單,模擬資料,,,,,,下游客配(工廠→客戶),van,273.4,116.2,59.6,,,,,,,,,
2024,12,,,,,,出貨/託運單,模擬資料,,,,,,下游客配(工廠→客戶),truck_7.5t,164.6,522.5,77.8,,,,,,,,,
2024,12,,,,,,出貨/託運單,模擬資料,,,,,,下游客配(工廠→客戶),truck_7.5t,184.2,399.7,68.2,,,,,,,,,
2024,12,,,,,,出貨/託運單,模擬資料,,,,,,下游客配(工廠→客戶),van,221.4,483.0,78.3,,,,,,,,,
2024,12,,,,,,出貨/託運單,模擬資料,,,,,,下游客配(工廠→客戶),truck_7.5t,336.8,296.7,63.2,,,,,,,,,
2024,12,,,,,,出貨/託運單,模擬資料,,,,,,下游客配(工廠→客戶),truck_7.5t,164.0,465.2,66.3,,,,,,,,,
2024,12,,,,,,出貨/託運單,模擬資料,,,,,,下游客配(工廠→客戶),truck_20t,234.7,360.0,56.6,,,,,,,,,
2024,12,,,,,,出貨/託運單,模擬資料,,,,,,下游客配(工廠→客戶),truck_7.5t,239.5,131.7,78.3,,,,,,,,,
2024,12,,,,,,出貨/託運單,模擬資料,,,,,,下游客配(工廠→客戶),truck_20t,233.7,395.6,70.3,,,,,,,,,
2024,12,,,,,,出貨/託運單,模擬資料,,,,,,下游客配(工廠→客戶),truck_20t,177.0,418.9,61.9,,,,,,,,,
2024,12,,,,,,出貨/託運單,模擬資料,,,,,,下游客配(工廠→客戶),truck_7.5t,223.2,291.3,59.1,,,,,,,,,
2024,12,,,,,,出貨/託運單,模擬資料,,,,,,下游客配(工廠→客戶),truck_20t,184.1,270.4,82.1,,,,,,,,,
2024,12,,,,,,出貨/託運單,模擬資料,,,,,,下游客配(工廠→客戶),truck_20t,88.5,414.6,72.0,,,,,,,,,
2024,12,,,,,,出貨/託運單,模擬資料,,,,,,下游客配(工廠→客戶),truck_7.5t,289.6,506.7,64.1,,,,,,,,,
2024,12,,,,,,出貨/託運單,模擬資料,,,,,,下游客配(工廠→客戶),van,182.1,374.6,82.4,,,,,,,,,
2024,12,,,,,,出貨/託運單,模擬資料,,,,,,下游客配(工廠→客戶),truck_7.5t,296.8,164.3,69.7,,,,,,,,,
2024,12,,,,,,出貨/託運單,模擬資料,,,,,,下游客配(工廠→客戶),truck_20t,241.8,306.2,84.2,,,,,,,,,
2024,12,,,,,,出貨/託運單,模擬資料,,,,,,下游客配(工廠→客戶),van,253.4,399.1,65.0,,,,,,,,,
2024,12,,,,,,出貨/託運單,模擬資料,,,,,,下游客配(工廠→客戶),truck_7.5t,110.6,368.5,79.7,,,,,,,,,
2024,12,,,,,,出貨/託運單,模擬資料,,,,,,下游客配(工廠→客戶),truck_20t,189.9,441.0,84.1,,,,,,,,,
2024,12,,,,,,出貨/託運單,模擬資料,,,,,,下游客配(工廠→客戶),truck_7.5t,240.4,393.8,74.8,,,,,,,,,
2024,12,,,,,,出貨/託運單,模擬資料,,,,,,下游客配(工廠→客戶),truck_7.5t,285.7,150.1,63.4,,,,,,,,,
2024,12,,,,,,出貨/託運單,模擬資料,,,,,,下游客配(工廠→客戶),van,269.0,346.8,74.6,,,,,,,,,
2024,12,,,,,,出貨/託運單,模擬資料,,,,,,下游客配(工廠→客戶),truck_7.5t,343.5,250.9,84.1,,,,,,,,,
2024,12,,,,,,出貨/託運單,模擬資料,,,,,,下游客配(工廠→客戶),van,206.5,214.7,62.2,,,,,,,,,
